release_date,region,issue,epiweek,lag,num_ili,num_patients,num_providers,num_age_0,num_age_1,num_age_2,num_age_3,num_age_4,num_age_5,wili,ili
2020-10-02,nat,202039,201901,90,42135,1160440,2630,11686,9572,,11413,5204,4260,3.45972,3.63095
2020-10-02,nat,202039,201902,89,38815,1237552,2656,9369,10758,,10416,4826,3446,3.07558,3.13643
2020-10-02,nat,202039,201903,88,41199,1225384,2658,9703,14265,,10045,4235,2951,3.3258,3.36213
2020-10-02,nat,202039,201904,87,46241,1191426,2677,10765,16965,,11194,4457,2860,3.79773,3.88115
2020-10-02,nat,202039,201905,86,55264,1222020,2668,11628,22217,,13048,5116,3255,4.34227,4.52235
2020-10-02,nat,202039,201906,85,69732,1340765,2673,13899,29772,,15785,6174,4102,4.86953,5.20091
2020-10-02,nat,202039,201907,84,70056,1292464,2655,14246,29255,,15945,6333,4277,5.03689,5.42034
2020-10-02,nat,202039,201908,83,66461,1260932,2655,13634,26502,,15716,6124,4485,4.8812,5.27078
2020-10-02,nat,202039,201909,82,58802,1281115,2658,11647,23468,,13847,5706,4134,4.54791,4.58991
2020-10-02,nat,202039,201910,81,55431,1260615,2637,11168,21760,,13079,5368,4056,4.3762,4.39714
2020-10-02,nat,202039,201911,80,53177,1288273,2646,10986,20081,,12580,5353,4177,4.22692,4.12777
2020-10-02,nat,202039,201912,79,45668,1303765,2653,9721,16800,,10717,4532,3898,3.68251,3.50278
2020-10-02,nat,202039,201913,78,37948,1244935,2619,8644,13642,,8656,3811,3195,3.08559,3.04819
2020-10-02,nat,202039,201914,77,32941,1229217,2620,7606,11768,,7491,3274,2802,2.69831,2.67984
2020-10-02,nat,202039,201915,76,27854,1229148,2568,6754,10005,,6208,2568,2319,2.28676,2.26612
2020-10-02,nat,202039,201916,75,23147,1178058,2542,6325,7904,,4934,2108,1876,2.01217,1.96484
2020-10-02,nat,202039,201917,74,20610,1196855,2516,5698,6621,,4553,2000,1738,1.71323,1.72201
2020-10-02,nat,202039,201918,73,18864,1199386,2485,5369,6207,,4084,1667,1537,1.56678,1.5728
2020-10-02,nat,202039,201919,72,17107,1173980,2444,4789,5906,,3574,1480,1358,1.49827,1.45718
2020-10-02,nat,202039,201920,71,16459,1094840,2336,4649,5530,,3482,1437,1361,1.49961,1.50332
2020-10-02,nat,202039,201921,70,15763,1123869,2224,4601,5234,,3214,1347,1367,1.42123,1.40257
2020-10-02,nat,202039,201922,69,14776,1052737,2196,4442,4660,,3094,1279,1301,1.39258,1.40358
2020-10-02,nat,202039,201923,68,13451,1086961,2258,3937,4115,,2952,1242,1205,1.21697,1.23749
2020-10-02,nat,202039,201924,67,12106,1079343,2206,3506,3741,,2729,1051,1079,1.11266,1.12161
2020-10-02,nat,202039,201925,66,10695,1056024,2159,3056,3288,,2425,998,928,0.991888,1.01276
2020-10-02,nat,202039,201926,65,10027,1044732,2084,2955,3117,,2183,910,862,0.946401,0.959768
2020-10-02,nat,202039,201927,64,8722,992358,2154,2512,2726,,1911,797,776,0.874695,0.878917
2020-10-02,nat,202039,201928,63,8425,1060841,2111,2346,2661,,1882,799,737,0.809169,0.794181
2020-10-02,nat,202039,201929,62,8116,1058986,2154,2222,2571,,1862,757,704,0.75452,0.766394
2020-10-02,nat,202039,201930,61,7787,1040191,2140,2138,2466,,1805,763,615,0.732983,0.748613
2020-10-02,nat,202039,201931,60,7884,1041320,2151,2354,2438,,1830,658,604,0.725811,0.757116
2020-10-02,nat,202039,201932,59,8060,1046625,2167,2102,2392,,2042,766,758,0.754209,0.770094
2020-10-02,nat,202039,201933,58,8994,1079056,2200,2634,2831,,2047,788,694,0.729672,0.833506
2020-10-02,nat,202039,201934,57,10103,1074399,2170,2911,3503,,2211,762,716,0.839875,0.94034
2020-10-02,nat,202039,201935,56,11904,1100212,2193,3428,4244,,2559,896,777,0.989358,1.08197
2020-10-02,nat,202039,201936,55,13188,1097022,2217,3810,4548,,2927,1033,870,1.1354,1.20216
2020-10-02,nat,202039,201937,54,14843,1166071,2247,3912,5502,,3297,1173,959,1.23124,1.27291
2020-10-02,nat,202039,201938,53,16001,1152730,2224,4469,5678,,3577,1251,1026,1.24448,1.3881
2020-10-02,nat,202039,201939,52,17453,1167311,2211,4981,6121,,3882,1368,1101,1.3379,1.49515
2021-10-08,nat,202139,201940,104,21916,1458307,2912,6219,7658,,4827,1764,1448,1.49002,1.50284
2021-10-08,nat,202139,201941,103,22954,1436748,2942,6550,7638,,5148,2015,1603,1.59192,1.59764
2021-10-08,nat,202139,201942,102,24886,1430800,2966,7287,8292,,5548,2110,1649,1.72572,1.73931
2021-10-08,nat,202139,201943,101,27419,1473831,2997,7892,9349,,6080,2305,1793,1.83419,1.86039
2021-10-08,nat,202139,201944,100,28910,1435369,3005,8658,10068,,6143,2279,1762,2.04008,2.01412
2021-10-08,nat,202139,201945,99,34586,1463253,3022,10557,12551,,7182,2453,1843,2.39351,2.36364
2021-10-08,nat,202139,201946,98,37732,1426928,2991,11446,13671,,7905,2741,1969,2.63251,2.64428
2021-10-08,nat,202139,201947,97,44161,1484969,2987,12716,17058,,9138,3101,2148,2.89941,2.97387
2021-10-08,nat,202139,201948,96,44044,1275199,2993,14444,14821,,9209,3199,2371,3.41501,3.45389
2021-10-08,nat,202139,201949,95,48904,1476208,2995,13852,16397,,11947,3929,2779,3.2579,3.31281
2021-10-08,nat,202139,201950,94,56444,1458774,2958,14728,21877,,12822,4114,2903,3.94308,3.86928
2021-10-08,nat,202139,201951,93,71594,1424436,2926,18001,29182,,16227,4835,3349,5.06435,5.02613
2021-10-08,nat,202139,201952,92,95757,1338669,2917,24097,34004,,24617,7638,5401,7.06161,7.15315
2021-10-08,nat,202139,202001,91,88731,1426691,2970,21594,23392,,27655,9209,6881,5.90066,6.21936
2021-10-08,nat,202139,202002,90,75614,1492251,3002,15564,22756,,23634,8196,5464,4.9402,5.06711
2021-10-08,nat,202139,202003,89,79783,1489132,2995,16587,29668,,21413,7386,4729,5.33135,5.35768
2021-10-08,nat,202139,202004,88,90150,1496826,2997,18574,35275,,23658,7973,4670,6.07822,6.02274
2021-10-08,nat,202139,202005,87,108307,1575900,2995,20299,44117,,28889,9527,5475,6.74724,6.87271
2021-10-08,nat,202139,202006,86,111361,1571657,3005,20270,45513,,29823,10049,5706,6.80157,7.08558
2021-10-08,nat,202139,202007,85,95418,1533883,2969,17393,36909,,26428,9231,5457,6.11292,6.22068
2021-10-08,nat,202139,202008,84,80559,1433517,2984,15330,28531,,23189,8320,5189,5.52513,5.61968
2021-10-08,nat,202139,202009,83,74823,1466346,2947,13820,25490,,22127,8276,5110,5.12333,5.10268
2021-10-08,nat,202139,202010,82,78779,1489410,2913,13888,26396,,23906,8891,5698,5.26652,5.28928
2021-10-08,nat,202139,202011,81,89607,1425172,2847,14154,27756,,29667,11334,6696,5.66932,6.28745
2021-10-08,nat,202139,202012,80,78584,1068755,2810,10790,17512,,30818,12478,6986,6.38029,7.35285
2021-10-08,nat,202139,202013,79,53142,853431,2738,5129,8322,,22408,10825,6458,4.91692,6.22687
2021-10-08,nat,202139,202014,78,36251,750546,2696,2359,4852,,14964,8696,5380,3.78625,4.82995
2021-10-08,nat,202139,202015,77,24974,718953,2698,1496,3426,,9995,6043,4014,2.80122,3.47366
2021-10-08,nat,202139,202016,76,18274,709970,2679,1068,2667,,7427,4184,2928,2.12907,2.57391
2021-10-08,nat,202139,202017,75,15164,750576,2663,926,2317,,6339,3289,2293,1.73315,2.02032
2021-10-08,nat,202139,202018,74,12821,790883,2635,864,2098,,5292,2670,1897,1.40939,1.6211
2021-10-08,nat,202139,202019,73,11058,817791,2624,720,1883,,4588,2243,1624,1.18657,1.35218
2021-10-08,nat,202139,202020,72,10480,846493,2613,788,1960,,4112,2171,1449,1.11444,1.23805
2021-10-08,nat,202139,202021,71,11416,1059901,2963,900,2221,,4463,2208,1624,1.00711,1.07708
2021-10-08,nat,202139,202022,70,9605,1082074,2946,805,1893,,3568,1878,1461,0.889878,0.887647
2021-10-08,nat,202139,202023,69,9318,1134988,2925,801,1967,,3437,1704,1409,0.815858,0.820978
2021-10-08,nat,202139,202024,68,9572,1174543,2899,878,2139,,3452,1725,1378,0.837779,0.814955
2021-10-08,nat,202139,202025,67,11866,1247096,2935,1005,2679,,4709,2001,1472,0.929189,0.951491
2021-10-08,nat,202139,202026,66,15490,1287264,2892,1212,3487,,6240,2649,1902,1.13871,1.20333
2021-10-08,nat,202139,202027,65,17826,1287401,2888,1394,3965,,7027,3218,2222,1.27591,1.38465
2021-10-08,nat,202139,202028,64,20043,1360037,2913,1544,4092,,8011,3764,2632,1.34978,1.47371
2021-10-08,nat,202139,202029,63,19250,1338613,2887,1657,4070,,7522,3565,2436,1.34436,1.43806
2021-10-08,nat,202139,202030,62,16523,1355190,2948,1634,3554,,6101,3089,2145,1.22126,1.21924
2021-10-08,nat,202139,202031,61,15514,1346820,2986,1608,3493,,5705,2594,2114,1.15381,1.1519
2021-10-08,nat,202139,202032,60,14103,1333292,2945,1570,3268,,4974,2360,1931,1.0649,1.05776
2021-10-08,nat,202139,202033,59,13131,1338686,2965,1587,3141,,4482,2166,1755,0.979173,0.980887
2021-10-08,nat,202139,202034,58,12900,1344069,2923,1804,3263,,4285,1888,1660,0.967664,0.959772
2021-10-08,nat,202139,202035,57,13138,1351058,2957,1864,3942,,4026,1819,1487,1.00158,0.972423
2021-10-08,nat,202139,202036,56,12232,1336359,2907,1766,3574,,3738,1686,1468,0.917339,0.915323
2021-10-08,nat,202139,202037,55,13001,1326890,2894,1995,3806,,3969,1790,1441,1.02954,0.97981
2021-10-08,nat,202139,202038,54,13005,1359239,2921,2068,3609,,4057,1788,1483,0.975797,0.956785
2021-10-08,nat,202139,202039,53,14457,1397083,2919,2273,4311,,4385,1930,1558,1.0586,1.0348
2022-10-07,nat,202239,202040,104,16570,1542071,3332,2467,4748,,5122,2376,1857,1.0872,1.07453
2022-10-07,nat,202239,202041,103,19194,1619788,3373,2562,5258,,6035,3012,2327,1.20898,1.18497
2022-10-07,nat,202239,202042,102,17281,1584807,3351,2316,4631,,5674,2554,2106,1.10874,1.09042
2022-10-07,nat,202239,202043,101,18187,1582393,3377,2457,4852,,5864,2834,2180,1.18588,1.14934
2022-10-07,nat,202239,202044,100,18612,1566538,3471,2515,4924,,6101,2770,2302,1.25,1.1881
2022-10-07,nat,202239,202045,99,21410,1603163,3470,2727,5837,,7094,3291,2461,1.43782,1.33548
2022-10-07,nat,202239,202046,98,22623,1641763,3436,2776,5549,,7686,3736,2876,1.48426,1.37797
2022-10-07,nat,202239,202047,97,22722,1592518,3376,2693,5342,,7829,3960,2898,1.54717,1.4268
2022-10-07,nat,202239,202048,96,21320,1425127,3378,2485,4585,,7094,3962,3194,1.60668,1.49601
2022-10-07,nat,202239,202049,95,22305,1539568,3382,2604,4875,,7698,3988,3140,1.56586,1.44878
2022-10-07,nat,202239,202050,94,22219,1554103,3400,2567,4726,,7530,4073,3323,1.52073,1.4297
2022-10-07,nat,202239,202051,93,20886,1493692,3340,2482,4282,,7131,3846,3145,1.50659,1.39828
2022-10-07,nat,202239,202052,92,19852,1362314,3343,2323,3564,,6632,3925,3408,1.55413,1.45723
2022-10-07,nat,202239,202053,91,22436,1458493,3322,2585,3934,,7729,4520,3668,1.5907,1.5383
2022-10-07,nat,202239,202101,90,22720,1583355,3358,2414,4549,,7979,4363,3415,1.47569,1.43493
2022-10-07,nat,202239,202102,89,19194,1518947,3332,2380,4056,,6402,3525,2831,1.29196,1.26364
2022-10-07,nat,202239,202103,88,18353,1515597,3356,2566,4056,,5878,3311,2542,1.25191,1.21094
2022-10-07,nat,202239,202104,87,16910,1506379,3367,2560,3955,,5345,2810,2240,1.10337,1.12256
2022-10-07,nat,202239,202105,86,16101,1488119,3337,2636,4015,,4996,2527,1927,1.16554,1.08197
2022-10-07,nat,202239,202106,85,14108,1447245,3288,2557,3736,,4103,2136,1576,1.00745,0.974818
2022-10-07,nat,202239,202107,84,12602,1388655,3297,2320,3146,,3710,1922,1504,0.986987,0.907497
2022-10-07,nat,202239,202108,83,13347,1551120,3318,2544,3541,,3841,1900,1521,0.862967,0.860475
2022-10-07,nat,202239,202109,82,13017,1544694,3319,2773,3544,,3536,1813,1351,0.82875,0.842691
2022-10-07,nat,202239,202110,81,14098,1560517,3325,3220,3811,,3785,1906,1376,0.883305,0.903419
2022-10-07,nat,202239,202111,80,14580,1551754,3268,3515,3856,,3940,1909,1360,0.90874,0.939582
2022-10-07,nat,202239,202112,79,15359,1599523,3242,3817,3915,,4216,2057,1354,0.948022,0.960224
2022-10-07,nat,202239,202113,78,15994,1602603,3301,4116,4089,,4395,2129,1265,0.974936,0.998001
2022-10-07,nat,202239,202114,77,18148,1683278,3323,4740,4692,,5062,2290,1364,1.06411,1.07813
2022-10-07,nat,202239,202115,76,19177,1729037,3324,5227,4909,,5292,2364,1385,1.08168,1.10911
2022-10-07,nat,202239,202116,75,19313,1679142,3290,5764,5095,,4859,2143,1452,1.10339,1.15017
2022-10-07,nat,202239,202117,74,20134,1702520,3303,6335,5517,,4818,2045,1419,1.13164,1.1826
2022-10-07,nat,202239,202118,73,19937,1649771,3272,6822,5403,,4620,1803,1289,1.1483,1.20847
2022-10-07,nat,202239,202119,72,20373,1623653,3255,7366,5492,,4364,1843,1308,1.19144,1.25476
2022-10-07,nat,202239,202120,71,21266,1683332,3233,8352,5414,,4421,1745,1334,1.24686,1.26333
2022-10-07,nat,202239,202121,70,19685,1652632,3184,7953,4967,,3990,1596,1179,1.14576,1.19113
2022-10-07,nat,202239,202122,69,20152,1610198,3182,8502,4856,,3978,1576,1240,1.18405,1.25152
2022-10-07,nat,202239,202123,68,19188,1675241,3148,8097,4646,,3692,1528,1225,1.12999,1.14539
2022-10-07,nat,202239,202124,67,19672,1659980,3107,8536,4619,,3805,1515,1197,1.19103,1.18507
2022-10-07,nat,202239,202125,66,19896,1644041,3093,8514,4611,,3815,1652,1304,1.21258,1.21019
2022-10-07,nat,202239,202126,65,20103,1657572,3092,8369,4757,,4006,1678,1293,1.2132,1.2128
2022-10-07,nat,202239,202127,64,22376,1683488,3094,8719,5310,,4860,1978,1509,1.26708,1.32915
2022-10-07,nat,202239,202128,63,25263,1751226,3103,9193,5930,,6030,2400,1710,1.38688,1.44259
2022-10-07,nat,202239,202129,62,30554,1787598,3102,10372,7171,,7962,2899,2150,1.64767,1.70922
2022-10-07,nat,202239,202130,61,35221,1844702,3088,11144,8575,,9254,3618,2630,1.799,1.90931
2022-10-07,nat,202239,202131,60,37762,1840212,3085,11102,8901,,10547,4328,2884,1.94947,2.05205
2022-10-07,nat,202239,202132,59,40069,1859035,3079,11264,10105,,11227,4556,2917,2.03512,2.15537
2022-10-07,nat,202239,202133,58,42753,1856032,3071,11809,12282,,11022,4744,2896,2.19023,2.30346
2022-10-07,nat,202239,202134,57,43062,1866295,3066,11982,13529,,10384,4341,2826,2.23843,2.30735
2022-10-07,nat,202239,202135,56,40878,1814941,3067,11745,13057,,9562,3889,2625,2.26655,2.2523
2022-10-07,nat,202239,202136,55,39438,1782067,3057,11711,12253,,9090,3738,2646,2.21303,2.21305
2022-10-07,nat,202239,202137,54,36222,1806283,3095,11254,11583,,7783,3296,2306,2.04664,2.00533
2022-10-07,nat,202239,202138,53,34019,1756033,3076,10928,11397,,6861,2768,2065,1.9014,1.93726
2022-10-07,nat,202239,202139,52,30002,1628298,2919,10142,10065,,5638,2320,1837,1.84504,1.84254
2023-10-06,nat,202339,202140,103,39606,2016770,3590,13160,13177,,7483,3206,2580,2.03726,1.96383
2023-10-06,nat,202339,202141,102,37639,1975130,3580,13073,11987,,7121,2973,2485,1.94864,1.90565
2023-10-06,nat,202339,202142,101,35684,1918446,3538,12494,11448,,6452,2940,2350,1.92538,1.86005
2023-10-06,nat,202339,202143,100,36616,1934216,3572,12858,11881,,6669,2850,2358,1.9789,1.89307
2023-10-06,nat,202339,202144,99,39986,1917029,3578,13295,14444,,6961,2918,2368,2.1334,2.08583
2023-10-06,nat,202339,202145,98,44242,1989010,3601,14559,15933,,7836,3190,2724,2.25788,2.22432
2023-10-06,nat,202339,202146,97,47047,1996913,3591,14735,17350,,8519,3635,2808,2.41079,2.35599
2023-10-06,nat,202339,202147,96,43297,1762035,3584,14913,13394,,8173,3715,3102,2.51762,2.45722
2023-10-06,nat,202339,202148,95,52671,2056405,3608,15161,17338,,11287,4880,4005,2.55244,2.56131
2023-10-06,nat,202339,202149,94,55027,2026604,3613,14968,19950,,11367,4856,3886,2.72476,2.71523
2023-10-06,nat,202339,202150,93,62539,2018579,3584,16285,23449,,13614,5230,3961,3.14645,3.09817
2023-10-06,nat,202339,202151,92,79184,1941911,3564,18514,25049,,22550,7767,5304,4.00686,4.07763
2023-10-06,nat,202339,202152,91,113921,2246767,3532,24118,28970,,38319,13517,8997,4.90468,5.07044
2023-10-06,nat,202339,202201,90,93323,2179176,3562,17048,24806,,31466,12064,7939,4.32906,4.28249
2023-10-06,nat,202339,202202,89,69158,2025052,3568,12222,20205,,21822,8731,6178,3.5344,3.41512
2023-10-06,nat,202339,202203,88,48685,1811493,3573,9526,13305,,15080,6219,4555,2.82024,2.68756
2023-10-06,nat,202339,202204,87,34720,1763472,3554,7300,9503,,9847,4562,3508,2.06558,1.96884
2023-10-06,nat,202339,202205,86,25809,1655407,3488,6083,7740,,6418,3016,2552,1.68092,1.55907
2023-10-06,nat,202339,202206,85,23719,1771418,3548,6395,7604,,5166,2401,2153,1.44022,1.33898
2023-10-06,nat,202339,202207,84,23930,1746548,3545,6915,8497,,4640,2080,1798,1.48974,1.37013
2023-10-06,nat,202339,202208,83,23620,1725348,3546,7065,8336,,4638,1814,1767,1.46266,1.369
2023-10-06,nat,202339,202209,82,25789,1812738,3541,7422,9827,,5004,1862,1674,1.58728,1.42265
2023-10-06,nat,202339,202210,81,28073,1815454,3563,8209,11091,,5054,1949,1770,1.70339,1.54633
2023-10-06,nat,202339,202211,80,31342,1867703,3535,9041,12118,,5909,2199,2075,1.83335,1.6781
2023-10-06,nat,202339,202212,79,32433,1873589,3531,9306,12647,,5974,2337,2169,1.87057,1.73106
2023-10-06,nat,202339,202213,78,34811,1877763,3518,9612,13658,,6754,2382,2405,1.97612,1.85385
2023-10-06,nat,202339,202214,77,38128,1912563,3526,10560,15181,,7268,2571,2548,2.07126,1.99356
2023-10-06,nat,202339,202215,76,40953,1923288,3518,11334,16092,,7834,2865,2828,2.16302,2.12932
2023-10-06,nat,202339,202216,75,42072,1927606,3530,11732,15745,,8310,3170,3115,2.20418,2.1826
2023-10-06,nat,202339,202217,74,44980,2033467,3520,12656,16956,,8682,3350,3336,2.24681,2.21199
2023-10-06,nat,202339,202218,73,47787,1979594,3442,12834,18627,,9398,3607,3321,2.3613,2.41398
2023-10-06,nat,202339,202219,72,53380,2061117,3465,14818,20490,,10334,3886,3852,2.48314,2.58986
2023-10-06,nat,202339,202220,71,54062,2076213,3449,15053,20742,,10453,3980,3834,2.45354,2.60388
2023-10-06,nat,202339,202221,70,53992,2038685,3409,15267,20530,,10405,4075,3715,2.39624,2.64837
2023-10-06,nat,202339,202222,69,51879,1961919,3381,15815,17513,,10585,4063,3903,2.4335,2.6443
2023-10-06,nat,202339,202223,68,45240,1972798,3373,14154,13726,,9654,3941,3765,2.16334,2.29319
2023-10-06,nat,202339,202224,67,40250,1940774,3335,12858,11205,,8941,3665,3581,1.98842,2.07391
2023-10-06,nat,202339,202225,66,37830,1972377,3387,11865,9933,,8676,3736,3620,1.87678,1.91799
2023-10-06,nat,202339,202226,65,34570,1918841,3267,11066,8513,,8006,3524,3461,1.80274,1.80161
2023-10-06,nat,202339,202227,64,34995,1951308,3379,10585,8593,,8382,3699,3736,1.81978,1.79341
2023-10-06,nat,202339,202228,63,33011,1978336,3346,9525,8111,,8324,3546,3505,1.67886,1.66862
2023-10-06,nat,202339,202229,62,32613,1980449,3348,9361,8116,,8219,3485,3432,1.65939,1.64675
2023-10-06,nat,202339,202230,61,32040,1944269,3323,9153,7859,,8056,3485,3487,1.67083,1.64792
2023-10-06,nat,202339,202231,60,29647,1958644,3346,8661,7477,,7297,3105,3107,1.52259,1.51365
2023-10-06,nat,202339,202232,59,28923,1910699,3285,8392,7907,,6892,2828,2904,1.50755,1.51374
2023-10-06,nat,202339,202233,58,31572,1949974,3329,9479,9934,,6659,2819,2681,1.60507,1.6191
2023-10-06,nat,202339,202234,57,35788,1977251,3318,10793,12593,,7079,2730,2593,1.83793,1.80999
2023-10-06,nat,202339,202235,56,37529,1980457,3299,11526,13893,,6987,2671,2452,1.96433,1.89497
2023-10-06,nat,202339,202236,55,38334,1967653,3324,12548,13475,,6978,2701,2632,2.02422,1.94821
2023-10-06,nat,202339,202237,54,39760,2017659,3350,13400,14579,,6735,2606,2440,2.0351,1.9706
2023-10-06,nat,202339,202238,53,44666,2032523,3361,15938,16694,,6906,2648,2480,2.28352,2.19756
2023-10-06,nat,202339,202239,52,46154,2013977,3383,17047,16768,,6911,2784,2644,2.36029,2.29168
2024-10-04,nat,202439,202240,103,57318,2209814,3684,18503,20141,,10718,4094,3862,2.61257,2.59379
2024-10-04,nat,202439,202241,102,63388,2223106,3720,20623,22779,,11519,4394,4073,3.00763,2.85133
2024-10-04,nat,202439,202242,101,75615,2279700,3726,23713,28368,,13719,5303,4512,3.31975,3.31688
2024-10-04,nat,202439,202243,100,109496,2462467,3788,32012,45003,,19586,7037,5858,4.3682,4.4466
2024-10-04,nat,202439,202244,99,139247,2510305,3776,37474,61015,,25460,8469,6829,5.42144,5.54702
2024-10-04,nat,202439,202245,98,140055,2468962,3793,38651,57053,,26941,9791,7619,5.73522,5.67263
2024-10-04,nat,202439,202246,97,137419,2396019,3777,34849,55229,,28672,10171,8498,5.91793,5.73531
2024-10-04,nat,202439,202247,96,164936,2237505,3765,39539,62925,,36157,13876,12439,7.42531,7.37142
2024-10-04,nat,202439,202248,95,185673,2564503,3767,38495,63623,,48042,18626,16887,7.21822,7.24012
2024-10-04,nat,202439,202249,94,167248,2448985,3750,32316,62563,,40778,16557,15034,6.87034,6.82928
2024-10-04,nat,202439,202250,93,151672,2347026,3751,28976,55613,,38007,15506,13570,6.29772,6.46231
2024-10-04,nat,202439,202251,92,129978,2116491,3715,25500,41624,,34587,14564,13703,6.00293,6.1412
2024-10-04,nat,202439,202252,91,112531,2058533,3703,22891,27251,,31974,14961,15454,5.33838,5.46656
2024-10-04,nat,202439,202301,90,92034,2257219,3740,16651,21006,,27662,13549,13166,3.93482,4.07732
2024-10-04,nat,202439,202302,89,67720,2214718,3737,12231,18061,,19912,9135,8381,2.94553,3.05773
2024-10-04,nat,202439,202303,88,57770,2134322,3730,11720,16915,,15844,7000,6291,2.63811,2.70671
2024-10-04,nat,202439,202304,87,58231,2179097,3716,12170,18680,,15618,6410,5353,2.62522,2.67225
2024-10-04,nat,202439,202305,86,59326,2208786,3734,12686,19751,,15506,6113,5270,2.58477,2.68591
2024-10-04,nat,202439,202306,85,62258,2301891,3735,13271,20964,,15921,6469,5633,2.59148,2.70465
2024-10-04,nat,202439,202307,84,59665,2262519,3695,13127,19818,,15055,6263,5402,2.5701,2.6371
2024-10-04,nat,202439,202308,83,57223,2212367,3719,13478,18410,,13880,6054,5401,2.52707,2.58651
2024-10-04,nat,202439,202309,82,55682,2278801,3725,12693,18281,,13849,5769,5090,2.40469,2.44348
2024-10-04,nat,202439,202310,81,54686,2274369,3722,12840,18388,,13379,5365,4714,2.3571,2.40445
2024-10-04,nat,202439,202311,80,54263,2228243,3713,13086,17814,,13264,5298,4801,2.3545,2.43524
2024-10-04,nat,202439,202312,79,55394,2295244,3665,13043,18685,,13685,5286,4695,2.31096,2.41343
2024-10-04,nat,202439,202313,78,53342,2270922,3688,12413,18078,,13208,5005,4638,2.25771,2.34891
2024-10-04,nat,202439,202314,77,48355,2191695,3680,11586,15673,,11976,4783,4337,2.12953,2.20628
2024-10-04,nat,202439,202315,76,46725,2254413,3665,11151,14832,,11853,4552,4337,2.01047,2.0726
2024-10-04,nat,202439,202316,75,44507,2277306,3680,9912,14788,,11388,4361,4058,1.90776,1.95437
2024-10-04,nat,202439,202317,74,44802,2270577,3677,10041,15803,,11176,4133,3649,1.90393,1.97315
2024-10-04,nat,202439,202318,73,45582,2259439,3652,10013,16115,,11224,4283,3947,1.93608,2.0174
2024-10-04,nat,202439,202319,72,45769,2295923,3654,10187,16725,,11067,4072,3718,1.90846,1.99349
2024-10-04,nat,202439,202320,71,43287,2201602,3653,9740,15517,,10697,3875,3458,1.88236,1.96616
2024-10-04,nat,202439,202321,70,41516,2169098,3518,9389,14611,,10386,3640,3490,1.83328,1.91398
2024-10-04,nat,202439,202322,69,41589,2145684,3601,9568,14220,,10413,3845,3543,1.83857,1.93826
2024-10-04,nat,202439,202323,68,36939,2182091,3583,8309,11628,,9954,3622,3426,1.57748,1.69283
2024-10-04,nat,202439,202324,67,33880,2151633,3589,7741,10223,,9289,3447,3180,1.48614,1.57462
2024-10-04,nat,202439,202325,66,30889,2139112,3582,6998,8941,,8727,3236,2987,1.36472,1.44401
2024-10-04,nat,202439,202326,65,28486,2151758,3539,6388,8012,,8130,3046,2910,1.27095,1.32385
2024-10-04,nat,202439,202327,64,26648,2064286,3569,5944,7475,,7472,2940,2817,1.22553,1.29091
2024-10-04,nat,202439,202328,63,25903,2155400,3542,5608,7043,,7567,2925,2760,1.15793,1.20177
2024-10-04,nat,202439,202329,62,25802,2163359,3560,5718,6836,,7476,2931,2841,1.12685,1.19268
2024-10-04,nat,202439,202330,61,26417,2146245,3551,5812,7046,,7475,3137,2947,1.16805,1.23085
2024-10-04,nat,202439,202331,60,26896,2132922,3542,5678,6966,,7979,3273,3000,1.20299,1.26099
2024-10-04,nat,202439,202332,59,29313,2156467,3521,5982,7764,,8642,3560,3365,1.27357,1.35931
2024-10-04,nat,202439,202333,58,33663,2186399,3533,6688,9759,,9791,3784,3641,1.44821,1.53965
2024-10-04,nat,202439,202334,57,40979,2243946,3524,8234,13151,,11256,4300,4038,1.70391,1.8262
2024-10-04,nat,202439,202335,56,44411,2245988,3537,8980,14664,,11792,4630,4345,1.93305,1.97735
2024-10-04,nat,202439,202336,55,44734,2209523,3538,9546,14159,,11819,4621,4589,2.00204,2.0246
2024-10-04,nat,202439,202337,54,45287,2274050,3558,9485,14904,,11798,4699,4401,1.94047,1.99147
2024-10-04,nat,202439,202338,53,48265,2261308,3558,10912,16162,,11970,4711,4510,2.03761,2.13438
2024-10-04,nat,202439,202339,52,49269,2260617,3552,11376,16110,,12299,4934,4550,2.08992,2.17945
2025-09-26,nat,202538,202340,102,56309,2489991,4103,13519,19001,,13441,5294,5054,2.27908,2.26141
2025-09-26,nat,202538,202341,101,57503,2484429,4124,14419,18593,,13964,5431,5096,2.33755,2.31454
2025-09-26,nat,202538,202342,100,62457,2482069,4105,15704,20290,,14454,5814,6195,2.52242,2.51633
2025-09-26,nat,202538,202343,99,67774,2523186,4135,16986,22514,,15480,6082,6712,2.71275,2.68605
2025-09-26,nat,202538,202344,98,72208,2477704,4126,17793,24797,,16585,6337,6696,2.94538,2.91431
2025-09-26,nat,202538,202345,97,85458,2567706,4122,21464,29463,,19331,7439,7761,3.40957,3.32818
2025-09-26,nat,202538,202346,96,90973,2544844,4129,22031,30863,,21568,8086,8425,3.6903,3.5748
2025-09-26,nat,202538,202347,95,85522,2255831,4141,22396,25939,,20391,8378,8418,3.92958,3.79115
2025-09-26,nat,202538,202348,94,103664,2616442,4111,22638,30346,,28337,11136,11207,4.03334,3.96202
2025-09-26,nat,202538,202349,93,114169,2619366,4073,23367,38203,,29030,12200,11369,4.38382,4.35865
2025-09-26,nat,202538,202350,92,136079,2611355,4093,26102,48365,,35036,14003,12573,5.18426,5.21105
