Vaccine,Geography,FIPS,Season/Survey Year,Month,Dimension,Estimate(%),New_per_Month
Seasonal Influenza,Pennsylvania,42,2009-10,8,>=6 Months,0.6,0.6
Seasonal Influenza,Pennsylvania,42,2009-10,9,>=6 Months,8.1,7.5
Seasonal Influenza,Pennsylvania,42,2009-10,10,>=6 Months,26.1,18
Seasonal Influenza,Pennsylvania,42,2009-10,11,>=6 Months,36.7,10.6
Seasonal Influenza,Pennsylvania,42,2009-10,12,>=6 Months,40.3,3.6
Seasonal Influenza,Pennsylvania,42,2010-11,1,>=6 Months,41,0.7
Seasonal Influenza,Pennsylvania,42,2010-11,2,>=6 Months,42.5,1.5
Seasonal Influenza,Pennsylvania,42,2010-11,3,>=6 Months,43.2,0.7
Seasonal Influenza,Pennsylvania,42,2010-11,4,>=6 Months,43.4,0.2
Seasonal Influenza,Pennsylvania,42,2010-11,5,>=6 Months,43.4,0
Seasonal Influenza,Pennsylvania,42,2010-11,8,>=6 Months,1,1
Seasonal Influenza,Pennsylvania,42,2010-11,9,>=6 Months,7.8,6.8
Seasonal Influenza,Pennsylvania,42,2010-11,10,>=6 Months,26.7,18.9
Seasonal Influenza,Pennsylvania,42,2010-11,11,>=6 Months,36.9,10.2
Seasonal Influenza,Pennsylvania,42,2010-11,12,>=6 Months,39.4,2.5
Seasonal Influenza,Pennsylvania,42,2011-12,1,>=6 Months,41.9,2.5
Seasonal Influenza,Pennsylvania,42,2011-12,2,>=6 Months,42.9,1
Seasonal Influenza,Pennsylvania,42,2011-12,3,>=6 Months,43.1,0.2
Seasonal Influenza,Pennsylvania,42,2011-12,4,>=6 Months,43.3,0.2
Seasonal Influenza,Pennsylvania,42,2011-12,5,>=6 Months,43.5,0.2
Seasonal Influenza,Pennsylvania,42,2011-12,8,>=6 Months,1.5,1.5
Seasonal Influenza,Pennsylvania,42,2011-12,9,>=6 Months,9,7.5
Seasonal Influenza,Pennsylvania,42,2011-12,10,>=6 Months,27.6,18.6
Seasonal Influenza,Pennsylvania,42,2011-12,11,>=6 Months,37.5,9.9
Seasonal Influenza,Pennsylvania,42,2011-12,12,>=6 Months,40.1,2.6
Seasonal Influenza,Pennsylvania,42,2012-13,1,>=6 Months,42.7,2.6
Seasonal Influenza,Pennsylvania,42,2012-13,2,>=6 Months,44.4,1.7
Seasonal Influenza,Pennsylvania,42,2012-13,3,>=6 Months,45,0.6
Seasonal Influenza,Pennsylvania,42,2012-13,4,>=6 Months,45.7,0.7
Seasonal Influenza,Pennsylvania,42,2012-13,5,>=6 Months,46.2,0.5
Seasonal Influenza,Pennsylvania,42,2012-13,8,>=6 Months,2,2
Seasonal Influenza,Pennsylvania,42,2012-13,9,>=6 Months,9.6,7.6
Seasonal Influenza,Pennsylvania,42,2012-13,10,>=6 Months,26.6,17
Seasonal Influenza,Pennsylvania,42,2012-13,11,>=6 Months,36.3,9.7
Seasonal Influenza,Pennsylvania,42,2012-13,12,>=6 Months,39.7,3.4
Seasonal Influenza,Pennsylvania,42,2013-14,1,>=6 Months,43.7,4
Seasonal Influenza,Pennsylvania,42,2013-14,2,>=6 Months,44.9,1.2
Seasonal Influenza,Pennsylvania,42,2013-14,3,>=6 Months,45.4,0.5
Seasonal Influenza,Pennsylvania,42,2013-14,4,>=6 Months,46.1,0.7
Seasonal Influenza,Pennsylvania,42,2013-14,5,>=6 Months,46.3,0.2
Seasonal Influenza,Pennsylvania,42,2013-14,7,>=6 Months,0.3,0.3
Seasonal Influenza,Pennsylvania,42,2013-14,8,>=6 Months,2,1.7
Seasonal Influenza,Pennsylvania,42,2013-14,9,>=6 Months,9.8,7.8
Seasonal Influenza,Pennsylvania,42,2013-14,10,>=6 Months,29,19.2
Seasonal Influenza,Pennsylvania,42,2013-14,11,>=6 Months,38.3,9.3
Seasonal Influenza,Pennsylvania,42,2013-14,12,>=6 Months,41.3,3
Seasonal Influenza,Pennsylvania,42,2014-15,1,>=6 Months,46.5,5.2
Seasonal Influenza,Pennsylvania,42,2014-15,2,>=6 Months,47.9,1.4
Seasonal Influenza,Pennsylvania,42,2014-15,3,>=6 Months,49,1.1
Seasonal Influenza,Pennsylvania,42,2014-15,4,>=6 Months,49.9,0.9
Seasonal Influenza,Pennsylvania,42,2014-15,5,>=6 Months,50.3,0.4
Seasonal Influenza,Pennsylvania,42,2014-15,7,>=6 Months,0.4,0.4
Seasonal Influenza,Pennsylvania,42,2014-15,8,>=6 Months,1.6,1.2
Seasonal Influenza,Pennsylvania,42,2014-15,9,>=6 Months,10.1,8.5
Seasonal Influenza,Pennsylvania,42,2014-15,10,>=6 Months,31,20.9
Seasonal Influenza,Pennsylvania,42,2014-15,11,>=6 Months,41,10
Seasonal Influenza,Pennsylvania,42,2014-15,12,>=6 Months,44.7,3.7
Seasonal Influenza,Pennsylvania,42,2015-16,1,>=6 Months,45.5,0.8
Seasonal Influenza,Pennsylvania,42,2015-16,2,>=6 Months,46.9,1.4
Seasonal Influenza,Pennsylvania,42,2015-16,3,>=6 Months,47.5,0.6
Seasonal Influenza,Pennsylvania,42,2015-16,4,>=6 Months,48,0.5
Seasonal Influenza,Pennsylvania,42,2015-16,5,>=6 Months,48.2,0.2
Seasonal Influenza,Pennsylvania,42,2015-16,7,>=6 Months,0.4,0.4
Seasonal Influenza,Pennsylvania,42,2015-16,8,>=6 Months,1.9,1.5
Seasonal Influenza,Pennsylvania,42,2015-16,9,>=6 Months,9.1,7.2
Seasonal Influenza,Pennsylvania,42,2015-16,10,>=6 Months,29.5,20.4
Seasonal Influenza,Pennsylvania,42,2015-16,11,>=6 Months,40.1,10.6
Seasonal Influenza,Pennsylvania,42,2015-16,12,>=6 Months,43.2,3.1
Seasonal Influenza,Pennsylvania,42,2016-17,1,>=6 Months,48.5,5.3
Seasonal Influenza,Pennsylvania,42,2016-17,2,>=6 Months,50.3,1.8
Seasonal Influenza,Pennsylvania,42,2016-17,3,>=6 Months,51.1,0.8
Seasonal Influenza,Pennsylvania,42,2016-17,4,>=6 Months,52.7,1.6
Seasonal Influenza,Pennsylvania,42,2016-17,5,>=6 Months,53.3,0.6
Seasonal Influenza,Pennsylvania,42,2016-17,8,>=6 Months,2,2
Seasonal Influenza,Pennsylvania,42,2016-17,9,>=6 Months,11.9,9.9
Seasonal Influenza,Pennsylvania,42,2016-17,10,>=6 Months,32.4,20.5
Seasonal Influenza,Pennsylvania,42,2016-17,11,>=6 Months,41.8,9.4
Seasonal Influenza,Pennsylvania,42,2016-17,12,>=6 Months,45.6,3.8
Seasonal Influenza,Pennsylvania,42,2017-18,1,>=6 Months,42.1,-3.5
Seasonal Influenza,Pennsylvania,42,2017-18,2,>=6 Months,43.7,1.6
Seasonal Influenza,Pennsylvania,42,2017-18,3,>=6 Months,44.8,1.1
Seasonal Influenza,Pennsylvania,42,2017-18,4,>=6 Months,45.6,0.8
Seasonal Influenza,Pennsylvania,42,2017-18,5,>=6 Months,46,0.4
Seasonal Influenza,Pennsylvania,42,2017-18,7,>=6 Months,0.4,0.4
Seasonal Influenza,Pennsylvania,42,2017-18,8,>=6 Months,2.2,1.8
Seasonal Influenza,Pennsylvania,42,2017-18,9,>=6 Months,11,8.8
Seasonal Influenza,Pennsylvania,42,2017-18,10,>=6 Months,29.1,18.1
Seasonal Influenza,Pennsylvania,42,2017-18,11,>=6 Months,37.4,8.3
Seasonal Influenza,Pennsylvania,42,2017-18,12,>=6 Months,39.5,2.1
Seasonal Influenza,Pennsylvania,42,2018-19,1,>=6 Months,49.8,10.3
Seasonal Influenza,Pennsylvania,42,2018-19,2,>=6 Months,51.9,2.1
Seasonal Influenza,Pennsylvania,42,2018-19,3,>=6 Months,53.4,1.5
Seasonal Influenza,Pennsylvania,42,2018-19,4,>=6 Months,53.9,0.5
Seasonal Influenza,Pennsylvania,42,2018-19,5,>=6 Months,54.2,0.3
Seasonal Influenza,Pennsylvania,42,2018-19,7,>=6 Months,0.5,0.5
Seasonal Influenza,Pennsylvania,42,2018-19,8,>=6 Months,2.2,1.7
Seasonal Influenza,Pennsylvania,42,2018-19,9,>=6 Months,11.5,9.3
Seasonal Influenza,Pennsylvania,42,2018-19,10,>=6 Months,33.7,22.2
Seasonal Influenza,Pennsylvania,42,2018-19,11,>=6 Months,44,10.3
Seasonal Influenza,Pennsylvania,42,2018-19,12,>=6 Months,47.2,3.2
Seasonal Influenza,Pennsylvania,42,2019-20,1,>=6 Months,53.4,6.2
Seasonal Influenza,Pennsylvania,42,2019-20,2,>=6 Months,54.7,1.3
Seasonal Influenza,Pennsylvania,42,2019-20,3,>=6 Months,55.4,0.7
Seasonal Influenza,Pennsylvania,42,2019-20,4,>=6 Months,55.9,0.5
Seasonal Influenza,Pennsylvania,42,2019-20,5,>=6 Months,56.1,0.2
Seasonal Influenza,Pennsylvania,42,2019-20,7,>=6 Months,0.5,0.5
Seasonal Influenza,Pennsylvania,42,2019-20,8,>=6 Months,2.5,2
Seasonal Influenza,Pennsylvania,42,2019-20,9,>=6 Months,12.8,10.3
Seasonal Influenza,Pennsylvania,42,2019-20,10,>=6 Months,36.8,24
Seasonal Influenza,Pennsylvania,42,2019-20,11,>=6 Months,46.4,9.6
Seasonal Influenza,Pennsylvania,42,2019-20,12,>=6 Months,49.8,3.4
Seasonal Influenza,Pennsylvania,42,2020-21,1,>=6 Months,53.6,3.8
Seasonal Influenza,Pennsylvania,42,2020-21,2,>=6 Months,55.2,1.6
Seasonal Influenza,Pennsylvania,42,2020-21,3,>=6 Months,56.4,1.2
Seasonal Influenza,Pennsylvania,42,2020-21,4,>=6 Months,57.6,1.2
Seasonal Influenza,Pennsylvania,42,2020-21,5,>=6 Months,58.5,0.9
Seasonal Influenza,Pennsylvania,42,2020-21,7,>=6 Months,0.4,0.4
Seasonal Influenza,Pennsylvania,42,2020-21,8,>=6 Months,2.8,2.4
Seasonal Influenza,Pennsylvania,42,2020-21,9,>=6 Months,16.2,13.4
Seasonal Influenza,Pennsylvania,42,2020-21,10,>=6 Months,39.5,23.3
Seasonal Influenza,Pennsylvania,42,2020-21,11,>=6 Months,48.1,8.6
Seasonal Influenza,Pennsylvania,42,2020-21,12,>=6 Months,51.3,3.2
Seasonal Influenza,Pennsylvania,42,2021-22,1,>=6 Months,50.7,-0.6
Seasonal Influenza,Pennsylvania,42,2021-22,2,>=6 Months,52.9,2.2
Seasonal Influenza,Pennsylvania,42,2021-22,3,>=6 Months,54.5,1.6
Seasonal Influenza,Pennsylvania,42,2021-22,4,>=6 Months,55,0.5
Seasonal Influenza,Pennsylvania,42,2021-22,5,>=6 Months,55.1,0.1
Seasonal Influenza,Pennsylvania,42,2021-22,8,>=6 Months,2.7,2.7
Seasonal Influenza,Pennsylvania,42,2021-22,9,>=6 Months,11.8,9.1
Seasonal Influenza,Pennsylvania,42,2021-22,10,>=6 Months,31.2,19.4
Seasonal Influenza,Pennsylvania,42,2021-22,11,>=6 Months,42.8,11.6
Seasonal Influenza,Pennsylvania,42,2021-22,12,>=6 Months,48.2,5.4
Seasonal Influenza,Pennsylvania,42,2022-23,1,>=6 Months,55.5,7.3
Seasonal Influenza,Pennsylvania,42,2022-23,2,>=6 Months,56.1,0.6
Seasonal Influenza,Pennsylvania,42,2022-23,3,>=6 Months,56.5,0.4
Seasonal Influenza,Pennsylvania,42,2022-23,4,>=6 Months,56.7,0.2
Seasonal Influenza,Pennsylvania,42,2022-23,5,>=6 Months,56.8,0.1
Seasonal Influenza,Pennsylvania,42,2022-23,7,>=6 Months,0.8,0.8
Seasonal Influenza,Pennsylvania,42,2022-23,8,>=6 Months,2.9,2.1
Seasonal Influenza,Pennsylvania,42,2022-23,9,>=6 Months,13.4,10.5
Seasonal Influenza,Pennsylvania,42,2022-23,10,>=6 Months,36.7,23.3
Seasonal Influenza,Pennsylvania,42,2022-23,11,>=6 Months,52.4,15.7
Seasonal Influenza,Pennsylvania,42,2022-23,12,>=6 Months,54.1,1.7
Seasonal Influenza,Pennsylvania,42,2023-24,1,>=6 Months,45.8,-8.3
Seasonal Influenza,Pennsylvania,42,2023-24,2,>=6 Months,46.9,1.1
Seasonal Influenza,Pennsylvania,42,2023-24,3,>=6 Months,47.4,0.5
Seasonal Influenza,Pennsylvania,42,2023-24,4,>=6 Months,48.3,0.9
Seasonal Influenza,Pennsylvania,42,2023-24,5,>=6 Months,48.5,0.2
Seasonal Influenza,Pennsylvania,42,2023-24,7,>=6 Months,0.8,0.8
Seasonal Influenza,Pennsylvania,42,2023-24,8,>=6 Months,3.9,3.1
Seasonal Influenza,Pennsylvania,42,2023-24,9,>=6 Months,13.6,9.7
Seasonal Influenza,Pennsylvania,42,2023-24,10,>=6 Months,32.6,19
Seasonal Influenza,Pennsylvania,42,2023-24,11,>=6 Months,40.8,8.2
Seasonal Influenza,Pennsylvania,42,2023-24,12,>=6 Months,43.4,2.6
Seasonal Influenza,Pennsylvania,42,2024-25,1,>=6 Months,41.6,-1.8
Seasonal Influenza,Pennsylvania,42,2024-25,2,>=6 Months,43.7,2.1
Seasonal Influenza,Pennsylvania,42,2024-25,3,>=6 Months,45.2,1.5
Seasonal Influenza,Pennsylvania,42,2024-25,4,>=6 Months,46.2,1
Seasonal Influenza,Pennsylvania,42,2024-25,5,>=6 Months,46.2,0
Seasonal Influenza,Pennsylvania,42,2024-25,8,>=6 Months,2,2
Seasonal Influenza,Pennsylvania,42,2024-25,9,>=6 Months,11.3,9.3
Seasonal Influenza,Pennsylvania,42,2024-25,10,>=6 Months,28.2,16.9
Seasonal Influenza,Pennsylvania,42,2024-25,11,>=6 Months,36.6,8.4
Seasonal Influenza,Pennsylvania,42,2024-25,12,>=6 Months,39.3,2.7
