REGION TYPE,REGION,YEAR,WEEK,% WEIGHTED ILI,%UNWEIGHTED ILI,AGE 0-4,AGE 25-49,AGE 25-64,AGE 5-24,AGE 50-64,AGE 65,ILITOTAL,NUM. OF PROVIDERS,TOTAL PATIENTS
States,Pennsylvania,2010,40,X,0.703292,X,X,X,X,X,X,122,64,17347
States,Pennsylvania,2010,41,X,0.910726,X,X,X,X,X,X,157,64,17239
States,Pennsylvania,2010,42,X,0.881081,X,X,X,X,X,X,161,64,18273
States,Pennsylvania,2010,43,X,0.72118,X,X,X,X,X,X,133,65,18442
States,Pennsylvania,2010,44,X,0.991455,X,X,X,X,X,X,181,66,18256
States,Pennsylvania,2010,45,X,1.03377,X,X,X,X,X,X,184,63,17799
States,Pennsylvania,2010,46,X,0.946337,X,X,X,X,X,X,170,60,17964
States,Pennsylvania,2010,47,X,1.10846,X,X,X,X,X,X,144,67,12991
States,Pennsylvania,2010,48,X,1.20878,X,X,X,X,X,X,217,65,17952
States,Pennsylvania,2010,49,X,1.22407,X,X,X,X,X,X,203,61,16584
States,Pennsylvania,2010,50,X,1.35668,X,X,X,X,X,X,196,58,14447
States,Pennsylvania,2010,51,X,2.00375,X,X,X,X,X,X,214,55,10680
States,Pennsylvania,2010,52,X,2.38516,X,X,X,X,X,X,243,56,10188
States,Pennsylvania,2011,1,X,2.10846,X,X,X,X,X,X,257,56,12189
States,Pennsylvania,2011,2,X,2.3239,X,X,X,X,X,X,322,61,13856
States,Pennsylvania,2011,3,X,2.72705,X,X,X,X,X,X,439,64,16098
States,Pennsylvania,2011,4,X,4.04659,X,X,X,X,X,X,681,61,16829
States,Pennsylvania,2011,5,X,4.37266,X,X,X,X,X,X,758,65,17335
States,Pennsylvania,2011,6,X,3.74081,X,X,X,X,X,X,687,60,18365
States,Pennsylvania,2011,7,X,3.61821,X,X,X,X,X,X,663,62,18324
States,Pennsylvania,2011,8,X,3.40457,X,X,X,X,X,X,591,59,17359
States,Pennsylvania,2011,9,X,2.91082,X,X,X,X,X,X,485,57,16662
States,Pennsylvania,2011,10,X,2.76817,X,X,X,X,X,X,368,54,13294
States,Pennsylvania,2011,11,X,2.01834,X,X,X,X,X,X,328,57,16251
States,Pennsylvania,2011,12,X,1.58492,X,X,X,X,X,X,253,50,15963
States,Pennsylvania,2011,13,X,1.55592,X,X,X,X,X,X,244,50,15682
States,Pennsylvania,2011,14,X,1.68153,X,X,X,X,X,X,264,49,15700
States,Pennsylvania,2011,15,X,1.41556,X,X,X,X,X,X,213,48,15047
States,Pennsylvania,2011,16,X,0.970285,X,X,X,X,X,X,144,49,14841
States,Pennsylvania,2011,17,X,0.976213,X,X,X,X,X,X,142,46,14546
States,Pennsylvania,2011,18,X,1.03274,X,X,X,X,X,X,141,43,13653
States,Pennsylvania,2011,19,X,0.996843,X,X,X,X,X,X,120,41,12038
States,Pennsylvania,2011,20,X,1.0065,X,X,X,X,X,X,113,40,11227
States,Pennsylvania,2011,21,X,0.862225,X,X,X,X,X,X,95,40,11018
States,Pennsylvania,2011,22,X,1.004,X,X,X,X,X,X,98,38,9761
States,Pennsylvania,2011,23,X,1.02332,X,X,X,X,X,X,111,36,10847
States,Pennsylvania,2011,24,X,0.697869,X,X,X,X,X,X,75,37,10747
States,Pennsylvania,2011,25,X,0.810081,X,X,X,X,X,X,81,37,9999
States,Pennsylvania,2011,26,X,0.624086,X,X,X,X,X,X,64,37,10255
States,Pennsylvania,2011,27,X,0.821396,X,X,X,X,X,X,82,38,9983
States,Pennsylvania,2011,28,X,0.538529,X,X,X,X,X,X,55,34,10213
States,Pennsylvania,2011,29,X,0.599161,X,X,X,X,X,X,60,34,10014
States,Pennsylvania,2011,30,X,0.527498,X,X,X,X,X,X,54,34,10237
States,Pennsylvania,2011,31,X,0.519427,X,X,X,X,X,X,50,31,9626
States,Pennsylvania,2011,32,X,0.628995,X,X,X,X,X,X,62,34,9857
States,Pennsylvania,2011,33,X,0.575717,X,X,X,X,X,X,56,32,9727
States,Pennsylvania,2011,34,X,0.47421,X,X,X,X,X,X,57,34,12020
States,Pennsylvania,2011,35,X,0.530273,X,X,X,X,X,X,67,37,12635
States,Pennsylvania,2011,36,X,0.614539,X,X,X,X,X,X,76,38,12367
States,Pennsylvania,2011,37,X,0.815472,X,X,X,X,X,X,113,38,13857
States,Pennsylvania,2011,38,X,0.978735,X,X,X,X,X,X,139,38,14202
States,Pennsylvania,2011,39,X,0.778919,X,X,X,X,X,X,188,39,24136
States,Pennsylvania,2011,40,X,0.728934,X,X,X,X,X,X,150,59,20578
States,Pennsylvania,2011,41,X,0.819881,X,X,X,X,X,X,161,59,19637
States,Pennsylvania,2011,42,X,0.806645,X,X,X,X,X,X,168,62,20827
States,Pennsylvania,2011,43,X,0.905021,X,X,X,X,X,X,186,61,20552
States,Pennsylvania,2011,44,X,0.980066,X,X,X,X,X,X,206,63,21019
States,Pennsylvania,2011,45,X,1.04828,X,X,X,X,X,X,228,64,21750
States,Pennsylvania,2011,46,X,0.979103,X,X,X,X,X,X,201,62,20529
States,Pennsylvania,2011,47,X,1.32165,X,X,X,X,X,X,193,63,14603
States,Pennsylvania,2011,48,X,1.17903,X,X,X,X,X,X,217,61,18405
States,Pennsylvania,2011,49,X,1.00654,X,X,X,X,X,X,180,62,17883
States,Pennsylvania,2011,50,X,1.19955,X,X,X,X,X,X,192,60,16006
States,Pennsylvania,2011,51,X,1.62257,X,X,X,X,X,X,203,55,12511
States,Pennsylvania,2011,52,X,2.10624,X,X,X,X,X,X,228,59,10825
States,Pennsylvania,2012,1,X,1.59839,X,X,X,X,X,X,183,56,11449
States,Pennsylvania,2012,2,X,1.50271,X,X,X,X,X,X,205,57,13642
States,Pennsylvania,2012,3,X,1.36725,X,X,X,X,X,X,201,58,14701
States,Pennsylvania,2012,4,X,1.29824,X,X,X,X,X,X,217,57,16715
States,Pennsylvania,2012,5,X,1.33236,X,X,X,X,X,X,219,57,16437
States,Pennsylvania,2012,6,X,1.34819,X,X,X,X,X,X,236,55,17505
States,Pennsylvania,2012,7,X,1.29395,X,X,X,X,X,X,230,56,17775
States,Pennsylvania,2012,8,X,1.35975,X,X,X,X,X,X,232,55,17062
States,Pennsylvania,2012,9,X,1.31392,X,X,X,X,X,X,213,53,16211
States,Pennsylvania,2012,10,X,1.29178,X,X,X,X,X,X,172,53,13315
States,Pennsylvania,2012,11,X,1.34998,X,X,X,X,X,X,199,54,14741
States,Pennsylvania,2012,12,X,1.21647,X,X,X,X,X,X,205,53,16852
States,Pennsylvania,2012,13,X,1.2839,X,X,X,X,X,X,214,54,16668
States,Pennsylvania,2012,14,X,1.23981,X,X,X,X,X,X,184,51,14841
States,Pennsylvania,2012,15,X,1.16576,X,X,X,X,X,X,196,53,16813
States,Pennsylvania,2012,16,X,1.12786,X,X,X,X,X,X,193,52,17112
States,Pennsylvania,2012,17,X,0.904811,X,X,X,X,X,X,148,51,16357
States,Pennsylvania,2012,18,X,0.9398,X,X,X,X,X,X,143,50,15216
States,Pennsylvania,2012,19,X,1.00174,X,X,X,X,X,X,127,47,12678
States,Pennsylvania,2012,20,X,0.932164,X,X,X,X,X,X,119,45,12766
States,Pennsylvania,2012,21,X,0.843332,X,X,X,X,X,X,97,43,11502
States,Pennsylvania,2012,22,X,0.757161,X,X,X,X,X,X,83,42,10962
States,Pennsylvania,2012,23,X,0.630327,X,X,X,X,X,X,71,41,11264
States,Pennsylvania,2012,24,X,0.573596,X,X,X,X,X,X,62,39,10809
States,Pennsylvania,2012,25,X,0.721046,X,X,X,X,X,X,64,37,8876
States,Pennsylvania,2012,26,X,0.632436,X,X,X,X,X,X,59,34,9329
States,Pennsylvania,2012,27,X,0.502219,X,X,X,X,X,X,43,37,8562
States,Pennsylvania,2012,28,X,0.514166,X,X,X,X,X,X,49,36,9530
States,Pennsylvania,2012,29,X,0.612574,X,X,X,X,X,X,57,36,9305
States,Pennsylvania,2012,30,X,0.758871,X,X,X,X,X,X,71,36,9356
States,Pennsylvania,2012,31,X,0.581916,X,X,X,X,X,X,52,35,8936
States,Pennsylvania,2012,32,X,0.505439,X,X,X,X,X,X,46,34,9101
States,Pennsylvania,2012,33,X,0.610094,X,X,X,X,X,X,55,34,9015
States,Pennsylvania,2012,34,X,0.738168,X,X,X,X,X,X,68,34,9212
States,Pennsylvania,2012,35,X,0.559332,X,X,X,X,X,X,65,40,11621
States,Pennsylvania,2012,36,X,0.603787,X,X,X,X,X,X,66,38,10931
States,Pennsylvania,2012,37,X,0.855201,X,X,X,X,X,X,117,41,13681
States,Pennsylvania,2012,38,X,0.707461,X,X,X,X,X,X,97,40,13711
States,Pennsylvania,2012,39,X,0.774148,X,X,X,X,X,X,109,40,14080
States,Pennsylvania,2012,40,X,1.03218,X,X,X,X,X,X,213,65,20636
States,Pennsylvania,2012,41,X,0.870406,X,X,X,X,X,X,171,62,19646
States,Pennsylvania,2012,42,X,1.10987,X,X,X,X,X,X,219,62,19732
States,Pennsylvania,2012,43,X,0.969937,X,X,X,X,X,X,201,64,20723
States,Pennsylvania,2012,44,X,1.25516,X,X,X,X,X,X,213,63,16970
States,Pennsylvania,2012,45,X,1.16348,X,X,X,X,X,X,235,63,20198
States,Pennsylvania,2012,46,X,1.20353,X,X,X,X,X,X,236,61,19609
States,Pennsylvania,2012,47,X,1.46221,X,X,X,X,X,X,208,65,14225
States,Pennsylvania,2012,48,X,1.42684,X,X,X,X,X,X,282,62,19764
States,Pennsylvania,2012,49,X,2.06708,X,X,X,X,X,X,424,61,20512
States,Pennsylvania,2012,50,X,3.22581,X,X,X,X,X,X,566,57,17546
States,Pennsylvania,2012,51,X,4.09585,X,X,X,X,X,X,629,55,15357
States,Pennsylvania,2012,52,X,6.06691,X,X,X,X,X,X,642,57,10582
States,Pennsylvania,2013,1,X,4.19815,X,X,X,X,X,X,539,59,12839
States,Pennsylvania,2013,2,X,4.30241,X,X,X,X,X,X,762,60,17711
States,Pennsylvania,2013,3,X,4.96328,X,X,X,X,X,X,892,61,17972
States,Pennsylvania,2013,4,X,3.63506,X,X,X,X,X,X,608,57,16726
States,Pennsylvania,2013,5,X,2.72834,X,X,X,X,X,X,486,60,17813
States,Pennsylvania,2013,6,X,2.49063,X,X,X,X,X,X,412,55,16542
States,Pennsylvania,2013,7,X,2.98393,X,X,X,X,X,X,507,56,16991
States,Pennsylvania,2013,8,X,2.50669,X,X,X,X,X,X,431,56,17194
States,Pennsylvania,2013,9,X,2.56207,X,X,X,X,X,X,452,58,17642
States,Pennsylvania,2013,10,X,2.57542,X,X,X,X,X,X,350,53,13590
States,Pennsylvania,2013,11,X,2.65614,X,X,X,X,X,X,387,50,14570
States,Pennsylvania,2013,12,X,2.23717,X,X,X,X,X,X,296,51,13231
States,Pennsylvania,2013,13,X,1.71415,X,X,X,X,X,X,222,51,12951
States,Pennsylvania,2013,14,X,1.58031,X,X,X,X,X,X,226,50,14301
States,Pennsylvania,2013,15,X,1.28509,X,X,X,X,X,X,179,47,13929
States,Pennsylvania,2013,16,X,1.05755,X,X,X,X,X,X,154,48,14562
States,Pennsylvania,2013,17,X,0.915316,X,X,X,X,X,X,135,47,14749
States,Pennsylvania,2013,18,X,0.8909,X,X,X,X,X,X,126,45,14143
States,Pennsylvania,2013,19,X,0.847587,X,X,X,X,X,X,111,45,13096
States,Pennsylvania,2013,20,X,0.738477,X,X,X,X,X,X,87,43,11781
States,Pennsylvania,2013,21,X,0.885559,X,X,X,X,X,X,91,42,10276
States,Pennsylvania,2013,22,X,0.960036,X,X,X,X,X,X,86,42,8958
States,Pennsylvania,2013,23,X,0.76053,X,X,X,X,X,X,78,42,10256
States,Pennsylvania,2013,24,X,0.845819,X,X,X,X,X,X,70,38,8276
States,Pennsylvania,2013,25,X,0.614092,X,X,X,X,X,X,57,41,9282
States,Pennsylvania,2013,26,X,0.604195,X,X,X,X,X,X,53,38,8772
States,Pennsylvania,2013,27,X,0.542846,X,X,X,X,X,X,42,39,7737
States,Pennsylvania,2013,28,X,0.611897,X,X,X,X,X,X,61,41,9969
States,Pennsylvania,2013,29,X,0.437613,X,X,X,X,X,X,41,39,9369
States,Pennsylvania,2013,30,X,0.417275,X,X,X,X,X,X,40,39,9586
States,Pennsylvania,2013,31,X,0.563116,X,X,X,X,X,X,48,39,8524
States,Pennsylvania,2013,32,X,0.570278,X,X,X,X,X,X,51,34,8943
States,Pennsylvania,2013,33,X,0.571367,X,X,X,X,X,X,53,34,9276
States,Pennsylvania,2013,34,X,0.403464,X,X,X,X,X,X,41,35,10162
States,Pennsylvania,2013,35,X,0.36554,X,X,X,X,X,X,44,34,12037
States,Pennsylvania,2013,36,X,0.475082,X,X,X,X,X,X,51,34,10735
States,Pennsylvania,2013,37,X,0.66058,X,X,X,X,X,X,89,35,13473
States,Pennsylvania,2013,38,X,0.72715,X,X,X,X,X,X,86,33,11827
States,Pennsylvania,2013,39,X,0.607761,X,X,X,X,X,X,78,33,12834
States,Pennsylvania,2013,40,X,0.754364,X,X,X,X,X,X,137,55,18161
States,Pennsylvania,2013,41,X,0.826735,X,X,X,X,X,X,142,52,17176
States,Pennsylvania,2013,42,X,0.711153,X,X,X,X,X,X,120,54,16874
States,Pennsylvania,2013,43,X,0.794165,X,X,X,X,X,X,147,55,18510
States,Pennsylvania,2013,44,X,0.829274,X,X,X,X,X,X,143,53,17244
States,Pennsylvania,2013,45,X,0.773813,X,X,X,X,X,X,139,51,17963
States,Pennsylvania,2013,46,X,0.887462,X,X,X,X,X,X,141,49,15888
States,Pennsylvania,2013,47,X,0.725484,X,X,X,X,X,X,118,50,16265
States,Pennsylvania,2013,48,X,1.01918,X,X,X,X,X,X,85,45,8340
States,Pennsylvania,2013,49,X,1.0175,X,X,X,X,X,X,164,51,16118
States,Pennsylvania,2013,50,X,1.20732,X,X,X,X,X,X,157,49,13004
States,Pennsylvania,2013,51,X,1.83724,X,X,X,X,X,X,177,46,9634
States,Pennsylvania,2013,52,X,3.10234,X,X,X,X,X,X,231,45,7446
States,Pennsylvania,2014,1,X,3.24514,X,X,X,X,X,X,222,47,6841
States,Pennsylvania,2014,2,X,2.83613,X,X,X,X,X,X,243,45,8568
States,Pennsylvania,2014,3,X,2.71894,X,X,X,X,X,X,335,47,12321
States,Pennsylvania,2014,4,X,3.07744,X,X,X,X,X,X,366,48,11893
States,Pennsylvania,2014,5,X,2.83049,X,X,X,X,X,X,352,48,12436
States,Pennsylvania,2014,6,X,2.51665,X,X,X,X,X,X,291,45,11563
States,Pennsylvania,2014,7,X,1.97179,X,X,X,X,X,X,260,48,13186
States,Pennsylvania,2014,8,X,1.78917,X,X,X,X,X,X,268,49,14979
States,Pennsylvania,2014,9,X,1.69503,X,X,X,X,X,X,247,46,14572
States,Pennsylvania,2014,10,X,1.46823,X,X,X,X,X,X,192,48,13077
States,Pennsylvania,2014,11,X,1.5927,X,X,X,X,X,X,192,44,12055
States,Pennsylvania,2014,12,X,1.54725,X,X,X,X,X,X,195,47,12603
States,Pennsylvania,2014,13,X,1.75439,X,X,X,X,X,X,192,42,10944
States,Pennsylvania,2014,14,X,1.90891,X,X,X,X,X,X,254,41,13306
States,Pennsylvania,2014,15,X,1.53094,X,X,X,X,X,X,216,41,14109
States,Pennsylvania,2014,16,X,1.22532,X,X,X,X,X,X,157,42,12813
States,Pennsylvania,2014,17,X,1.14736,X,X,X,X,X,X,134,38,11679
States,Pennsylvania,2014,18,X,0.950616,X,X,X,X,X,X,118,39,12413
States,Pennsylvania,2014,19,X,1.24791,X,X,X,X,X,X,142,38,11379
States,Pennsylvania,2014,20,X,1.27145,X,X,X,X,X,X,123,33,9674
States,Pennsylvania,2014,21,X,1.25712,X,X,X,X,X,X,128,34,10182
States,Pennsylvania,2014,22,X,1.13383,X,X,X,X,X,X,112,34,9878
States,Pennsylvania,2014,23,X,1.21124,X,X,X,X,X,X,125,32,10320
States,Pennsylvania,2014,24,X,0.914125,X,X,X,X,X,X,104,34,11377
States,Pennsylvania,2014,25,X,0.874445,X,X,X,X,X,X,67,28,7662
States,Pennsylvania,2014,26,X,0.938584,X,X,X,X,X,X,92,29,9802
States,Pennsylvania,2014,27,X,0.806452,X,X,X,X,X,X,57,26,7068
States,Pennsylvania,2014,28,X,0.876469,X,X,X,X,X,X,85,29,9698
States,Pennsylvania,2014,29,X,0.613497,X,X,X,X,X,X,56,28,9128
States,Pennsylvania,2014,30,X,0.930445,X,X,X,X,X,X,61,22,6556
States,Pennsylvania,2014,31,X,1.01355,X,X,X,X,X,X,92,28,9077
States,Pennsylvania,2014,32,X,0.454042,X,X,X,X,X,X,41,30,9030
States,Pennsylvania,2014,33,X,0.778042,X,X,X,X,X,X,72,30,9254
States,Pennsylvania,2014,34,X,0.693241,X,X,X,X,X,X,68,29,9809
States,Pennsylvania,2014,35,X,0.67996,X,X,X,X,X,X,74,30,10883
States,Pennsylvania,2014,36,X,0.777068,X,X,X,X,X,X,90,31,11582
States,Pennsylvania,2014,37,X,0.929671,X,X,X,X,X,X,131,32,14091
States,Pennsylvania,2014,38,X,1.2626,X,X,X,X,X,X,149,28,11801
States,Pennsylvania,2014,39,X,1.06503,X,X,X,X,X,X,151,30,14178
States,Pennsylvania,2014,40,X,0.937714,X,X,X,X,X,X,137,38,14610
States,Pennsylvania,2014,41,X,1.1936,X,X,X,X,X,X,159,40,13321
States,Pennsylvania,2014,42,X,1.01448,X,X,X,X,X,X,166,45,16363
States,Pennsylvania,2014,43,X,1.1704,X,X,X,X,X,X,195,46,16661
States,Pennsylvania,2014,44,X,1.08301,X,X,X,X,X,X,170,47,15697
States,Pennsylvania,2014,45,X,1.18687,X,X,X,X,X,X,204,47,17188
States,Pennsylvania,2014,46,X,1.21473,X,X,X,X,X,X,217,50,17864
States,Pennsylvania,2014,47,X,1.43141,X,X,X,X,X,X,223,47,15579
States,Pennsylvania,2014,48,X,2.25854,X,X,X,X,X,X,246,45,10892
States,Pennsylvania,2014,49,X,1.7612,X,X,X,X,X,X,290,45,16466
States,Pennsylvania,2014,50,X,2.75217,X,X,X,X,X,X,424,45,15406
States,Pennsylvania,2014,51,X,4.4293,X,X,X,X,X,X,676,45,15262
States,Pennsylvania,2014,52,X,7.0306,X,X,X,X,X,X,756,45,10753
States,Pennsylvania,2014,53,X,6.34131,X,X,X,X,X,X,625,43,9856
States,Pennsylvania,2015,1,X,4.48301,X,X,X,X,X,X,558,44,12447
States,Pennsylvania,2015,2,X,3.79356,X,X,X,X,X,X,577,46,15210
States,Pennsylvania,2015,3,X,5.3234,X,X,X,X,X,X,893,47,16775
States,Pennsylvania,2015,4,X,4.86334,X,X,X,X,X,X,774,45,15915
States,Pennsylvania,2015,5,X,4.2072,X,X,X,X,X,X,666,43,15830
States,Pennsylvania,2015,6,X,2.83557,X,X,X,X,X,X,477,47,16822
States,Pennsylvania,2015,7,X,2.58566,X,X,X,X,X,X,366,41,14155
States,Pennsylvania,2015,8,X,1.974,X,X,X,X,X,X,331,55,16768
States,Pennsylvania,2015,9,X,2.71926,X,X,X,X,X,X,333,49,12246
States,Pennsylvania,2015,10,X,1.88728,X,X,X,X,X,X,221,54,11710
States,Pennsylvania,2015,11,X,1.75258,X,X,X,X,X,X,256,51,14607
States,Pennsylvania,2015,12,X,1.92067,X,X,X,X,X,X,261,49,13589
States,Pennsylvania,2015,13,X,1.70947,X,X,X,X,X,X,225,35,13162
States,Pennsylvania,2015,14,X,1.68904,X,X,X,X,X,X,224,48,13262
States,Pennsylvania,2015,15,X,1.59007,X,X,X,X,X,X,219,44,13773
States,Pennsylvania,2015,16,X,1.35877,X,X,X,X,X,X,193,45,14204
States,Pennsylvania,2015,17,X,1.44705,X,X,X,X,X,X,207,47,14305
States,Pennsylvania,2015,18,X,1.27918,X,X,X,X,X,X,177,50,13837
States,Pennsylvania,2015,19,X,1.18577,X,X,X,X,X,X,132,49,11132
States,Pennsylvania,2015,20,X,1.07339,X,X,X,X,X,X,117,48,10900
States,Pennsylvania,2015,21,X,1.50939,X,X,X,X,X,X,131,46,8679
States,Pennsylvania,2015,22,X,1.02753,X,X,X,X,X,X,103,46,10024
States,Pennsylvania,2015,23,X,1.12459,X,X,X,X,X,X,114,47,10137
States,Pennsylvania,2015,24,X,0.904048,X,X,X,X,X,X,88,46,9734
States,Pennsylvania,2015,25,X,0.912012,X,X,X,X,X,X,88,46,9649
States,Pennsylvania,2015,26,X,1.00606,X,X,X,X,X,X,88,45,8747
States,Pennsylvania,2015,27,X,1.17045,X,X,X,X,X,X,112,44,9569
States,Pennsylvania,2015,28,X,0.91977,X,X,X,X,X,X,83,43,9024
States,Pennsylvania,2015,29,X,0.885329,X,X,X,X,X,X,84,44,9488
States,Pennsylvania,2015,30,X,0.709442,X,X,X,X,X,X,68,45,9585
States,Pennsylvania,2015,31,X,0.92326,X,X,X,X,X,X,93,46,10073
States,Pennsylvania,2015,32,X,0.735294,X,X,X,X,X,X,65,41,8840
States,Pennsylvania,2015,33,X,0.929204,X,X,X,X,X,X,84,42,9040
States,Pennsylvania,2015,34,X,0.763889,X,X,X,X,X,X,88,43,11520
States,Pennsylvania,2015,35,X,1.09982,X,X,X,X,X,X,119,43,10820
States,Pennsylvania,2015,36,X,0.928897,X,X,X,X,X,X,110,45,11842
States,Pennsylvania,2015,37,X,1.19428,X,X,X,X,X,X,157,44,13146
States,Pennsylvania,2015,38,X,1.19665,X,X,X,X,X,X,143,44,11950
States,Pennsylvania,2015,39,X,1.00901,X,X,X,X,X,X,112,25,11100
States,Pennsylvania,2015,40,X,1.30656,X,X,X,X,X,X,203,54,15537
States,Pennsylvania,2015,41,X,1.50744,X,X,X,X,X,X,228,53,15125
States,Pennsylvania,2015,42,X,1.61744,X,X,X,X,X,X,230,52,14220
States,Pennsylvania,2015,43,X,1.35201,X,X,X,X,X,X,222,53,16420
States,Pennsylvania,2015,44,X,1.3918,X,X,X,X,X,X,246,55,17675
States,Pennsylvania,2015,45,X,1.55583,X,X,X,X,X,X,248,53,15940
States,Pennsylvania,2015,46,X,1.55956,X,X,X,X,X,X,240,53,15389
States,Pennsylvania,2015,47,X,1.97417,X,X,X,X,X,X,214,55,10840
States,Pennsylvania,2015,48,X,1.56455,X,X,X,X,X,X,251,55,16043
States,Pennsylvania,2015,49,X,1.95162,X,X,X,X,X,X,284,55,14552
States,Pennsylvania,2015,50,X,2.21809,X,X,X,X,X,X,298,54,13435
States,Pennsylvania,2015,51,X,2.73918,X,X,X,X,X,X,207,50,7557
States,Pennsylvania,2015,52,X,3.01098,X,X,X,X,X,X,288,54,9565
States,Pennsylvania,2016,1,X,2.43179,X,X,X,X,X,X,295,54,12131
States,Pennsylvania,2016,2,X,2.15585,X,X,X,X,X,X,288,56,13359
States,Pennsylvania,2016,3,X,2.27801,X,X,X,X,X,X,294,55,12906
States,Pennsylvania,2016,4,X,2.4708,X,X,X,X,X,X,385,57,15582
States,Pennsylvania,2016,5,X,2.45783,X,X,X,X,X,X,389,56,15827
States,Pennsylvania,2016,6,X,2.37481,X,X,X,X,X,X,368,56,15496
States,Pennsylvania,2016,7,X,2.02913,X,X,X,X,X,X,294,57,14489
States,Pennsylvania,2016,8,X,2.91049,X,X,X,X,X,X,438,55,15049
States,Pennsylvania,2016,9,X,3.32486,X,X,X,X,X,X,484,38,14557
States,Pennsylvania,2016,10,X,4.46836,X,X,X,X,X,X,519,39,11615
States,Pennsylvania,2016,11,X,3.20347,X,X,X,X,X,X,458,37,14297
States,Pennsylvania,2016,12,X,3.4132,X,X,X,X,X,X,463,34,13565
States,Pennsylvania,2016,13,X,2.63062,X,X,X,X,X,X,361,36,13723
States,Pennsylvania,2016,14,X,2.1044,X,X,X,X,X,X,283,36,13448
States,Pennsylvania,2016,15,X,2.30566,X,X,X,X,X,X,288,33,12491
States,Pennsylvania,2016,16,X,2.25348,X,X,X,X,X,X,306,33,13579
States,Pennsylvania,2016,17,X,2.26749,X,X,X,X,X,X,305,32,13451
States,Pennsylvania,2016,18,X,1.82765,X,X,X,X,X,X,214,32,11709
States,Pennsylvania,2016,19,X,1.67658,X,X,X,X,X,X,172,31,10259
States,Pennsylvania,2016,20,X,1.72241,X,X,X,X,X,X,155,33,8999
States,Pennsylvania,2016,21,X,1.40242,X,X,X,X,X,X,144,32,10268
States,Pennsylvania,2016,22,X,1.5011,X,X,X,X,X,X,136,33,9060
States,Pennsylvania,2016,23,X,1.31918,X,X,X,X,X,X,123,35,9324
States,Pennsylvania,2016,24,X,0.985171,X,X,X,X,X,X,95,31,9643
States,Pennsylvania,2016,25,X,1.10414,X,X,X,X,X,X,102,31,9238
States,Pennsylvania,2016,26,X,1.10257,X,X,X,X,X,X,99,32,8979
States,Pennsylvania,2016,27,X,0.907464,X,X,X,X,X,X,71,31,7824
States,Pennsylvania,2016,28,X,0.826792,X,X,X,X,X,X,79,31,9555
States,Pennsylvania,2016,29,X,0.900429,X,X,X,X,X,X,86,31,9551
States,Pennsylvania,2016,30,X,0.917026,X,X,X,X,X,X,83,30,9051
States,Pennsylvania,2016,31,X,0.894644,X,X,X,X,X,X,76,29,8495
States,Pennsylvania,2016,32,X,0.941457,X,X,X,X,X,X,87,28,9241
States,Pennsylvania,2016,33,X,0.685439,X,X,X,X,X,X,74,50,10796
States,Pennsylvania,2016,34,X,0.631064,X,X,X,X,X,X,80,50,12677
States,Pennsylvania,2016,35,X,1.00456,X,X,X,X,X,X,141,51,14036
States,Pennsylvania,2016,36,X,0.83632,X,X,X,X,X,X,112,51,13392
States,Pennsylvania,2016,37,X,0.634293,X,X,X,X,X,X,93,50,14662
States,Pennsylvania,2016,38,X,0.771227,X,X,X,X,X,X,107,50,13874
States,Pennsylvania,2016,39,X,0.916372,X,X,X,X,X,X,127,47,13859
States,Pennsylvania,2016,40,X,0.931615,X,X,X,X,X,X,141,57,15135
States,Pennsylvania,2016,41,X,0.743974,X,X,X,X,X,X,121,58,16264
States,Pennsylvania,2016,42,X,0.93133,X,X,X,X,X,X,150,59,16106
States,Pennsylvania,2016,43,X,0.92762,X,X,X,X,X,X,142,58,15308
States,Pennsylvania,2016,44,X,1.11433,X,X,X,X,X,X,177,58,15884
States,Pennsylvania,2016,45,X,1.18041,X,X,X,X,X,X,187,58,15842
States,Pennsylvania,2016,46,X,1.24774,X,X,X,X,X,X,186,56,14907
States,Pennsylvania,2016,47,X,1.39111,X,X,X,X,X,X,139,56,9992
States,Pennsylvania,2016,48,X,1.12638,X,X,X,X,X,X,173,58,15359
States,Pennsylvania,2016,49,X,1.46324,X,X,X,X,X,X,208,59,14215
States,Pennsylvania,2016,50,X,1.83919,X,X,X,X,X,X,234,58,12723
States,Pennsylvania,2016,51,X,1.94061,X,X,X,X,X,X,215,57,11079
States,Pennsylvania,2016,52,X,3.13256,X,X,X,X,X,X,298,56,9513
States,Pennsylvania,2017,1,X,2.91819,X,X,X,X,X,X,351,61,12028
States,Pennsylvania,2017,2,X,2.67744,X,X,X,X,X,X,358,58,13371
States,Pennsylvania,2017,3,X,3.37152,X,X,X,X,X,X,465,60,13792
States,Pennsylvania,2017,4,X,3.90425,X,X,X,X,X,X,535,57,13703
States,Pennsylvania,2017,5,X,4.18771,X,X,X,X,X,X,655,58,15641
States,Pennsylvania,2017,6,X,5.78649,X,X,X,X,X,X,735,54,12702
States,Pennsylvania,2017,7,X,4.68299,X,X,X,X,X,X,698,56,14905
States,Pennsylvania,2017,8,X,4.00976,X,X,X,X,X,X,559,56,13941
States,Pennsylvania,2017,9,X,2.57151,X,X,X,X,X,X,374,58,14544
States,Pennsylvania,2017,10,X,2.61716,X,X,X,X,X,X,301,57,11501
States,Pennsylvania,2017,11,X,2.88777,X,X,X,X,X,X,299,56,10354
States,Pennsylvania,2017,12,X,2.35755,X,X,X,X,X,X,259,52,10986
States,Pennsylvania,2017,13,X,2.63832,X,X,X,X,X,X,309,52,11712
States,Pennsylvania,2017,14,X,1.8562,X,X,X,X,X,X,245,53,13199
States,Pennsylvania,2017,15,X,1.73473,X,X,X,X,X,X,209,51,12048
States,Pennsylvania,2017,16,X,1.50122,X,X,X,X,X,X,191,52,12723
States,Pennsylvania,2017,17,X,1.18574,X,X,X,X,X,X,161,53,13578
States,Pennsylvania,2017,18,X,1.10505,X,X,X,X,X,X,148,52,13393
States,Pennsylvania,2017,19,X,0.813853,X,X,X,X,X,X,94,52,11550
States,Pennsylvania,2017,20,X,1.01958,X,X,X,X,X,X,101,51,9906
States,Pennsylvania,2017,21,X,0.709366,X,X,X,X,X,X,69,48,9727
States,Pennsylvania,2017,22,X,0.89144,X,X,X,X,X,X,73,47,8189
States,Pennsylvania,2017,23,X,0.761653,X,X,X,X,X,X,75,49,9847
States,Pennsylvania,2017,24,X,0.662025,X,X,X,X,X,X,58,49,8761
States,Pennsylvania,2017,25,X,0.575667,X,X,X,X,X,X,52,49,9033
States,Pennsylvania,2017,26,X,0.49621,X,X,X,X,X,X,36,48,7255
States,Pennsylvania,2017,27,X,0.57329,X,X,X,X,X,X,44,49,7675
States,Pennsylvania,2017,28,X,0.400867,X,X,X,X,X,X,37,49,9230
States,Pennsylvania,2017,29,X,0.569988,X,X,X,X,X,X,52,48,9123
States,Pennsylvania,2017,30,X,0.594923,X,X,X,X,X,X,45,27,7564
States,Pennsylvania,2017,31,X,0.757909,X,X,X,X,X,X,69,49,9104
States,Pennsylvania,2017,32,X,0.419336,X,X,X,X,X,X,36,47,8585
States,Pennsylvania,2017,33,X,0.448725,X,X,X,X,X,X,41,47,9137
States,Pennsylvania,2017,34,X,0.422483,X,X,X,X,X,X,46,47,10888
States,Pennsylvania,2017,35,X,0.581959,X,X,X,X,X,X,60,47,10310
States,Pennsylvania,2017,36,X,0.518403,X,X,X,X,X,X,60,48,11574
States,Pennsylvania,2017,37,X,0.574933,X,X,X,X,X,X,75,46,13045
States,Pennsylvania,2017,38,X,0.609258,X,X,X,X,X,X,82,46,13459
States,Pennsylvania,2017,39,X,0.890782,X,X,X,X,X,X,92,42,10328
States,Pennsylvania,2017,40,X,0.787036,X,X,X,X,X,X,611,147,77633
States,Pennsylvania,2017,41,X,0.852218,X,X,X,X,X,X,534,144,62660
States,Pennsylvania,2017,42,X,0.930682,X,X,X,X,X,X,587,145,63072
States,Pennsylvania,2017,43,X,0.975943,X,X,X,X,X,X,557,145,57073
States,Pennsylvania,2017,44,X,1.10597,X,X,X,X,X,X,664,147,60038
States,Pennsylvania,2017,45,X,1.21881,X,X,X,X,X,X,764,148,62684
States,Pennsylvania,2017,46,X,1.28185,X,X,X,X,X,X,810,148,63190
States,Pennsylvania,2017,47,X,1.29776,X,X,X,X,X,X,718,148,55326
States,Pennsylvania,2017,48,X,1.35232,X,X,X,X,X,X,888,148,65665
States,Pennsylvania,2017,49,X,1.3888,X,X,X,X,X,X,848,148,61060
States,Pennsylvania,2017,50,X,1.46136,X,X,X,X,X,X,852,147,58302
States,Pennsylvania,2017,51,X,1.6969,X,X,X,X,X,X,1016,146,59874
States,Pennsylvania,2017,52,X,2.52226,X,X,X,X,X,X,1334,124,52889
States,Pennsylvania,2018,1,X,2.57178,X,X,X,X,X,X,1709,146,66452
States,Pennsylvania,2018,2,X,3.01914,X,X,X,X,X,X,1836,146,60812
States,Pennsylvania,2018,3,X,4.01475,X,X,X,X,X,X,2352,148,58584
States,Pennsylvania,2018,4,X,4.94172,X,X,X,X,X,X,3269,148,66151
States,Pennsylvania,2018,5,X,6.06418,X,X,X,X,X,X,3806,146,62762
States,Pennsylvania,2018,6,X,6.65157,X,X,X,X,X,X,4200,148,63143
States,Pennsylvania,2018,7,X,6.79669,X,X,X,X,X,X,4342,142,63884
States,Pennsylvania,2018,8,X,5.39183,X,X,X,X,X,X,3145,139,58329
States,Pennsylvania,2018,9,X,3.68232,X,X,X,X,X,X,2149,143,58360
States,Pennsylvania,2018,10,X,2.72218,X,X,X,X,X,X,1420,141,52164
States,Pennsylvania,2018,11,X,2.47876,X,X,X,X,X,X,1319,140,53212
States,Pennsylvania,2018,12,X,2.34462,X,X,X,X,X,X,1289,141,54977
States,Pennsylvania,2018,13,X,2.15666,X,X,X,X,X,X,1174,140,54436
States,Pennsylvania,2018,14,X,1.75858,X,X,X,X,X,X,1178,137,66986
States,Pennsylvania,2018,15,X,1.61448,X,X,X,X,X,X,894,138,55374
States,Pennsylvania,2018,16,X,1.38854,X,X,X,X,X,X,768,138,55310
States,Pennsylvania,2018,17,X,1.28933,X,X,X,X,X,X,715,139,55455
States,Pennsylvania,2018,18,X,1.1062,X,X,X,X,X,X,598,137,54059
States,Pennsylvania,2018,19,X,0.912693,X,X,X,X,X,X,493,136,54016
States,Pennsylvania,2018,20,X,0.783355,X,X,X,X,X,X,407,131,51956
States,Pennsylvania,2018,21,X,0.726085,X,X,X,X,X,X,378,133,52060
States,Pennsylvania,2018,22,X,0.717958,X,X,X,X,X,X,377,133,52510
States,Pennsylvania,2018,23,X,0.752432,X,X,X,X,X,X,379,132,50370
States,Pennsylvania,2018,24,X,0.656064,X,X,X,X,X,X,316,126,48166
States,Pennsylvania,2018,25,X,0.54252,X,X,X,X,X,X,280,132,51611
States,Pennsylvania,2018,26,X,0.510015,X,X,X,X,X,X,261,134,51175
States,Pennsylvania,2018,27,X,0.494634,X,X,X,X,X,X,236,135,47712
States,Pennsylvania,2018,28,X,0.481905,X,X,X,X,X,X,251,134,52085
States,Pennsylvania,2018,29,X,0.356381,X,X,X,X,X,X,157,135,44054
States,Pennsylvania,2018,30,X,0.34642,X,X,X,X,X,X,168,131,48496
States,Pennsylvania,2018,31,X,0.421819,X,X,X,X,X,X,205,134,48599
States,Pennsylvania,2018,32,X,0.36568,X,X,X,X,X,X,175,130,47856
States,Pennsylvania,2018,33,X,0.403519,X,X,X,X,X,X,194,130,48077
States,Pennsylvania,2018,34,X,0.406604,X,X,X,X,X,X,198,131,48696
States,Pennsylvania,2018,35,X,0.465368,X,X,X,X,X,X,241,126,51787
States,Pennsylvania,2018,36,X,0.584038,X,X,X,X,X,X,311,129,53250
States,Pennsylvania,2018,37,X,0.704251,X,X,X,X,X,X,388,134,55094
States,Pennsylvania,2018,38,X,0.853632,X,X,X,X,X,X,505,135,59159
States,Pennsylvania,2018,39,X,1.00661,X,X,X,X,X,X,568,131,56427
States,Pennsylvania,2018,40,X,0.901871,X,X,X,X,X,X,536,139,59432
States,Pennsylvania,2018,41,X,1.04907,X,X,X,X,X,X,639,138,60911
States,Pennsylvania,2018,42,X,1.08332,X,X,X,X,X,X,609,135,56216
States,Pennsylvania,2018,43,X,1.14248,X,X,X,X,X,X,652,137,57069
States,Pennsylvania,2018,44,X,1.20261,X,X,X,X,X,X,676,136,56211
States,Pennsylvania,2018,45,X,1.32262,X,X,X,X,X,X,731,137,55269
States,Pennsylvania,2018,46,X,1.38527,X,X,X,X,X,X,675,128,48727
States,Pennsylvania,2018,47,X,1.60346,X,X,X,X,X,X,663,136,41348
States,Pennsylvania,2018,48,X,1.43328,X,X,X,X,X,X,1065,136,74305
States,Pennsylvania,2018,49,X,1.52263,X,X,X,X,X,X,811,135,53263
States,Pennsylvania,2018,50,X,1.89283,X,X,X,X,X,X,958,132,50612
States,Pennsylvania,2018,51,X,2.14732,X,X,X,X,X,X,1092,129,50854
States,Pennsylvania,2018,52,X,3.0173,X,X,X,X,X,X,1442,131,47791
States,Pennsylvania,2019,1,X,2.85305,X,X,X,X,X,X,1474,131,51664
States,Pennsylvania,2019,2,X,2.40853,X,X,X,X,X,X,1262,132,52397
States,Pennsylvania,2019,3,X,2.41556,X,X,X,X,X,X,1318,136,54563
States,Pennsylvania,2019,4,X,2.88148,X,X,X,X,X,X,1546,137,53653
States,Pennsylvania,2019,5,X,2.89507,X,X,X,X,X,X,1313,138,45353
States,Pennsylvania,2019,6,X,2.96059,X,X,X,X,X,X,1763,138,59549
States,Pennsylvania,2019,7,X,3.35409,X,X,X,X,X,X,1842,139,54918
States,Pennsylvania,2019,8,X,3.2371,X,X,X,X,X,X,1701,132,52547
States,Pennsylvania,2019,9,X,3.12216,X,X,X,X,X,X,1755,137,56211
States,Pennsylvania,2019,10,X,3.23066,X,X,X,X,X,X,1696,134,52497
States,Pennsylvania,2019,11,X,3.22501,X,X,X,X,X,X,1831,134,56775
States,Pennsylvania,2019,12,X,2.48837,X,X,X,X,X,X,1332,110,53529
States,Pennsylvania,2019,13,X,2.7371,X,X,X,X,X,X,1572,133,57433
States,Pennsylvania,2019,14,X,2.26521,X,X,X,X,X,X,1260,136,55624
States,Pennsylvania,2019,15,X,1.84945,X,X,X,X,X,X,1057,135,57152
States,Pennsylvania,2019,16,X,1.43752,X,X,X,X,X,X,748,134,52034
States,Pennsylvania,2019,17,X,1.144,X,X,X,X,X,X,611,134,53409
States,Pennsylvania,2019,18,X,1.06413,X,X,X,X,X,X,566,131,53189
States,Pennsylvania,2019,19,X,0.946908,X,X,X,X,X,X,463,125,48896
States,Pennsylvania,2019,20,X,0.699043,X,X,X,X,X,X,38,44,5436
States,Pennsylvania,2019,21,X,0.898087,X,X,X,X,X,X,437,106,48659
States,Pennsylvania,2019,22,X,0.952553,X,X,X,X,X,X,474,109,49761
States,Pennsylvania,2019,23,X,0.79739,X,X,X,X,X,X,391,123,49035
States,Pennsylvania,2019,24,X,0.684961,X,X,X,X,X,X,321,124,46864
States,Pennsylvania,2019,25,X,0.690427,X,X,X,X,X,X,327,121,47362
States,Pennsylvania,2019,26,X,0.580165,X,X,X,X,X,X,266,101,45849
States,Pennsylvania,2019,27,X,0.487336,X,X,X,X,X,X,223,122,45759
States,Pennsylvania,2019,28,X,0.482721,X,X,X,X,X,X,233,121,48268
States,Pennsylvania,2019,29,X,0.441361,X,X,X,X,X,X,215,122,48713
States,Pennsylvania,2019,30,X,0.498987,X,X,X,X,X,X,239,121,47897
States,Pennsylvania,2019,31,X,0.475029,X,X,X,X,X,X,220,121,46313
States,Pennsylvania,2019,32,X,0.436154,X,X,X,X,X,X,206,120,47231
States,Pennsylvania,2019,33,X,0.471864,X,X,X,X,X,X,215,119,45564
States,Pennsylvania,2019,34,X,0.49075,X,X,X,X,X,X,230,119,46867
States,Pennsylvania,2019,35,X,0.488977,X,X,X,X,X,X,238,121,48673
States,Pennsylvania,2019,36,X,0.690226,X,X,X,X,X,X,417,115,60415
States,Pennsylvania,2019,37,X,0.771841,X,X,X,X,X,X,414,119,53638
States,Pennsylvania,2019,38,X,0.820868,X,X,X,X,X,X,422,116,51409
States,Pennsylvania,2019,39,X,0.958082,X,X,X,X,X,X,493,116,51457
States,Pennsylvania,2019,40,X,0.922017,X,X,X,X,X,X,487,125,52819
States,Pennsylvania,2019,41,X,1.0181,X,X,X,X,X,X,521,123,51174
States,Pennsylvania,2019,42,X,1.20891,X,X,X,X,X,X,594,123,49135
States,Pennsylvania,2019,43,X,1.3817,X,X,X,X,X,X,747,129,54064
States,Pennsylvania,2019,44,X,1.2018,X,X,X,X,X,X,638,126,53087
States,Pennsylvania,2019,45,X,1.42162,X,X,X,X,X,X,736,130,51772
States,Pennsylvania,2019,46,X,1.47832,X,X,X,X,X,X,734,125,49651
States,Pennsylvania,2019,47,X,1.6982,X,X,X,X,X,X,903,130,53174
States,Pennsylvania,2019,48,X,1.7945,X,X,X,X,X,X,795,126,44302
States,Pennsylvania,2019,49,X,1.89246,X,X,X,X,X,X,913,117,48244
States,Pennsylvania,2019,50,X,2.12233,X,X,X,X,X,X,1067,125,50275
States,Pennsylvania,2019,51,X,2.71242,X,X,X,X,X,X,1282,124,47264
States,Pennsylvania,2019,52,X,3.80539,X,X,X,X,X,X,1763,125,46329
States,Pennsylvania,2020,1,X,4.39236,X,X,X,X,X,X,2144,124,48812
States,Pennsylvania,2020,2,X,3.36696,X,X,X,X,X,X,1702,124,50550
States,Pennsylvania,2020,3,X,3.64624,X,X,X,X,X,X,1852,124,50792
States,Pennsylvania,2020,4,X,4.09744,X,X,X,X,X,X,2084,122,50861
States,Pennsylvania,2020,5,X,4.91394,X,X,X,X,X,X,2615,123,53216
States,Pennsylvania,2020,6,X,5.07815,X,X,X,X,X,X,2700,127,53169
States,Pennsylvania,2020,7,X,4.33477,X,X,X,X,X,X,3176,127,73268
States,Pennsylvania,2020,8,X,4.00685,X,X,X,X,X,X,2107,126,52585
States,Pennsylvania,2020,9,X,4.01434,X,X,X,X,X,X,2139,126,53284
States,Pennsylvania,2020,10,X,3.9543,X,X,X,X,X,X,2658,123,67218
States,Pennsylvania,2020,11,X,5.06618,X,X,X,X,X,X,3280,123,64743
States,Pennsylvania,2020,12,X,6.57262,X,X,X,X,X,X,3401,128,51745
States,Pennsylvania,2020,13,X,4.89976,X,X,X,X,X,X,1960,128,40002
States,Pennsylvania,2020,14,X,3.66743,X,X,X,X,X,X,1307,123,35638
States,Pennsylvania,2020,15,X,2.73024,X,X,X,X,X,X,946,124,34649
States,Pennsylvania,2020,16,X,2.03685,X,X,X,X,X,X,712,124,34956
States,Pennsylvania,2020,17,X,1.52523,X,X,X,X,X,X,555,124,36388
States,Pennsylvania,2020,18,X,1.21806,X,X,X,X,X,X,471,123,38668
States,Pennsylvania,2020,19,X,0.94123,X,X,X,X,X,X,369,123,39204
States,Pennsylvania,2020,20,X,0.986198,X,X,X,X,X,X,403,122,40864
States,Pennsylvania,2020,21,X,0.800918,X,X,X,X,X,X,356,123,44449
States,Pennsylvania,2020,22,X,0.602603,X,X,X,X,X,X,281,123,46631
States,Pennsylvania,2020,23,X,0.55719,X,X,X,X,X,X,269,122,48278
States,Pennsylvania,2020,24,X,0.533628,X,X,X,X,X,X,270,119,50597
States,Pennsylvania,2020,25,X,0.521515,X,X,X,X,X,X,271,121,51964
States,Pennsylvania,2020,26,X,0.650535,X,X,X,X,X,X,346,121,53187
States,Pennsylvania,2020,27,X,0.619916,X,X,X,X,X,X,330,121,53233
States,Pennsylvania,2020,28,X,0.649959,X,X,X,X,X,X,361,121,55542
States,Pennsylvania,2020,29,X,0.751893,X,X,X,X,X,X,416,119,55327
States,Pennsylvania,2020,30,X,0.643167,X,X,X,X,X,X,360,119,55973
States,Pennsylvania,2020,31,X,0.806248,X,X,X,X,X,X,446,119,55318
States,Pennsylvania,2020,32,X,0.673072,X,X,X,X,X,X,372,119,55269
States,Pennsylvania,2020,33,X,0.739845,X,X,X,X,X,X,416,119,56228
States,Pennsylvania,2020,34,X,0.67521,X,X,X,X,X,X,372,118,55094
States,Pennsylvania,2020,35,X,0.715812,X,X,X,X,X,X,402,119,56160
States,Pennsylvania,2020,36,X,0.637379,X,X,X,X,X,X,363,120,56952
States,Pennsylvania,2020,37,X,0.799972,X,X,X,X,X,X,461,97,57627
States,Pennsylvania,2020,38,X,0.648835,X,X,X,X,X,X,368,120,56717
States,Pennsylvania,2020,39,X,0.762203,X,X,X,X,X,X,433,99,56809
States,Pennsylvania,2020,40,X,0.821621,X,X,X,X,X,X,477,125,58056
States,Pennsylvania,2020,41,X,0.963748,X,X,X,X,X,X,562,103,58314
States,Pennsylvania,2020,42,X,0.861232,X,X,X,X,X,X,488,103,56663
States,Pennsylvania,2020,43,X,0.987143,X,X,X,X,X,X,572,103,57945
States,Pennsylvania,2020,44,X,1.0083,X,X,X,X,X,X,555,101,55043
States,Pennsylvania,2020,45,X,1.12679,X,X,X,X,X,X,631,101,56000
States,Pennsylvania,2020,46,X,1.39202,X,X,X,X,X,X,846,102,60775
States,Pennsylvania,2020,47,X,1.46058,X,X,X,X,X,X,839,101,57443
States,Pennsylvania,2020,48,X,1.80934,X,X,X,X,X,X,971,100,53666
States,Pennsylvania,2020,49,X,1.75474,X,X,X,X,X,X,956,101,54481
States,Pennsylvania,2020,50,X,1.61543,X,X,X,X,X,X,847,102,52432
States,Pennsylvania,2020,51,X,1.28202,X,X,X,X,X,X,621,100,48439
States,Pennsylvania,2020,52,X,1.25709,X,X,X,X,X,X,605,101,48127
States,Pennsylvania,2020,53,X,1.13428,X,X,X,X,X,X,570,101,50252
States,Pennsylvania,2021,1,X,1.08046,X,X,X,X,X,X,564,101,52200
States,Pennsylvania,2021,2,X,0.786377,X,X,X,X,X,X,399,101,50739
States,Pennsylvania,2021,3,X,0.766336,X,X,X,X,X,X,389,101,50761
States,Pennsylvania,2021,4,X,0.684534,X,X,X,X,X,X,342,101,49961
States,Pennsylvania,2021,5,X,0.696399,X,X,X,X,X,X,339,102,48679
States,Pennsylvania,2021,6,X,0.611252,X,X,X,X,X,X,309,102,50552
States,Pennsylvania,2021,7,X,0.573083,X,X,X,X,X,X,291,102,50778
States,Pennsylvania,2021,8,X,0.588268,X,X,X,X,X,X,315,102,53547
States,Pennsylvania,2021,9,X,0.648134,X,X,X,X,X,X,346,102,53384
States,Pennsylvania,2021,10,X,0.642576,X,X,X,X,X,X,348,101,54157
States,Pennsylvania,2021,11,X,0.617759,X,X,X,X,X,X,337,102,54552
States,Pennsylvania,2021,12,X,0.705017,X,X,X,X,X,X,414,102,58722
States,Pennsylvania,2021,13,X,0.899675,X,X,X,X,X,X,575,102,63912
States,Pennsylvania,2021,14,X,0.771391,X,X,X,X,X,X,467,99,60540
States,Pennsylvania,2021,15,X,0.858892,X,X,X,X,X,X,536,100,62406
States,Pennsylvania,2021,16,X,0.765988,X,X,X,X,X,X,476,99,62142
States,Pennsylvania,2021,17,X,0.8263,X,X,X,X,X,X,512,99,61963
States,Pennsylvania,2021,18,X,0.822883,X,X,X,X,X,X,500,100,60762
States,Pennsylvania,2021,19,X,0.710201,X,X,X,X,X,X,421,99,59279
States,Pennsylvania,2021,20,X,0.694197,X,X,X,X,X,X,429,98,61798
States,Pennsylvania,2021,21,X,0.65953,X,X,X,X,X,X,406,97,61559
States,Pennsylvania,2021,22,X,0.62715,X,X,X,X,X,X,372,95,59316
States,Pennsylvania,2021,23,X,0.620761,X,X,X,X,X,X,389,95,62665
States,Pennsylvania,2021,24,X,0.687224,X,X,X,X,X,X,427,96,62134
States,Pennsylvania,2021,25,X,0.701828,X,X,X,X,X,X,437,95,62266
States,Pennsylvania,2021,26,X,0.669853,X,X,X,X,X,X,419,95,62551
States,Pennsylvania,2021,27,X,0.740297,X,X,X,X,X,X,470,94,63488
States,Pennsylvania,2021,28,X,0.680121,X,X,X,X,X,X,430,94,63224
States,Pennsylvania,2021,29,X,0.734911,X,X,X,X,X,X,466,94,63409
States,Pennsylvania,2021,30,X,0.846338,X,X,X,X,X,X,538,94,63568
States,Pennsylvania,2021,31,X,1.02086,X,X,X,X,X,X,642,94,62888
States,Pennsylvania,2021,32,X,1.06959,X,X,X,X,X,X,687,94,64230
States,Pennsylvania,2021,33,X,1.04947,X,X,X,X,X,X,677,94,64509
States,Pennsylvania,2021,34,X,1.20839,X,X,X,X,X,X,804,93,66535
States,Pennsylvania,2021,35,X,1.33485,X,X,X,X,X,X,890,96,66674
States,Pennsylvania,2021,36,X,1.72687,X,X,X,X,X,X,1349,106,78118
States,Pennsylvania,2021,37,X,1.73827,X,X,X,X,X,X,1404,106,80770
States,Pennsylvania,2021,38,X,1.64311,X,X,X,X,X,X,1217,101,74067
States,Pennsylvania,2021,39,X,1.59999,X,X,X,X,X,X,1169,100,73063
States,Pennsylvania,2021,40,X,1.59767,X,X,X,X,X,X,1203,102,75297
States,Pennsylvania,2021,41,X,1.46971,X,X,X,X,X,X,1083,102,73688
States,Pennsylvania,2021,42,X,1.62744,X,X,X,X,X,X,446,46,27405
States,Pennsylvania,2021,43,X,1.35388,X,X,X,X,X,X,947,101,69947
States,Pennsylvania,2021,44,X,1.46588,X,X,X,X,X,X,994,101,67809
States,Pennsylvania,2021,45,X,1.80583,X,X,X,X,X,X,1257,97,69608
States,Pennsylvania,2021,46,X,2.03356,X,X,X,X,X,X,1396,97,68648
States,Pennsylvania,2021,47,X,1.8719,X,X,X,X,X,X,1181,97,63091
States,Pennsylvania,2021,48,X,2.01044,X,X,X,X,X,X,1410,97,70134
States,Pennsylvania,2021,49,X,2.14058,X,X,X,X,X,X,1470,101,68673
States,Pennsylvania,2021,50,X,2.27522,X,X,X,X,X,X,1534,101,67422
States,Pennsylvania,2021,51,X,2.72487,X,X,X,X,X,X,1781,99,65361
States,Pennsylvania,2021,52,X,3.74898,X,X,X,X,X,X,2852,100,76074
States,Pennsylvania,2022,1,X,3.06365,X,X,X,X,X,X,2149,99,70145
States,Pennsylvania,2022,2,X,1.97116,X,X,X,X,X,X,1226,100,62197
States,Pennsylvania,2022,3,X,1.448,X,X,X,X,X,X,823,98,56837
States,Pennsylvania,2022,4,X,1.09395,X,X,X,X,X,X,612,98,55944
States,Pennsylvania,2022,5,X,0.874695,X,X,X,X,X,X,473,97,54076
States,Pennsylvania,2022,6,X,0.806927,X,X,X,X,X,X,493,99,61096
States,Pennsylvania,2022,7,X,0.82195,X,X,X,X,X,X,491,99,59736
States,Pennsylvania,2022,8,X,0.775891,X,X,X,X,X,X,466,99,60060
States,Pennsylvania,2022,9,X,0.905336,X,X,X,X,X,X,559,99,61745
States,Pennsylvania,2022,10,X,0.914976,X,X,X,X,X,X,547,100,59783
States,Pennsylvania,2022,11,X,0.962161,X,X,X,X,X,X,609,98,63295
States,Pennsylvania,2022,12,X,1.06257,X,X,X,X,X,X,681,98,64090
States,Pennsylvania,2022,13,X,1.24891,X,X,X,X,X,X,790,98,63255
States,Pennsylvania,2022,14,X,1.24545,X,X,X,X,X,X,811,97,65117
States,Pennsylvania,2022,15,X,1.25015,X,X,X,X,X,X,810,97,64792
States,Pennsylvania,2022,16,X,1.28955,X,X,X,X,X,X,833,97,64596
States,Pennsylvania,2022,17,X,1.2645,X,X,X,X,X,X,844,97,66746
States,Pennsylvania,2022,18,X,1.32932,X,X,X,X,X,X,892,97,67102
States,Pennsylvania,2022,19,X,1.32942,X,X,X,X,X,X,905,97,68075
States,Pennsylvania,2022,20,X,1.24648,X,X,X,X,X,X,858,95,68834
States,Pennsylvania,2022,21,X,1.15085,X,X,X,X,X,X,781,95,67863
States,Pennsylvania,2022,22,X,1.07983,X,X,X,X,X,X,721,96,66770
States,Pennsylvania,2022,23,X,0.979933,X,X,X,X,X,X,649,95,66229
States,Pennsylvania,2022,24,X,0.845909,X,X,X,X,X,X,551,95,65137
States,Pennsylvania,2022,25,X,0.771288,X,X,X,X,X,X,496,95,64308
States,Pennsylvania,2022,26,X,0.730309,X,X,X,X,X,X,474,95,64904
States,Pennsylvania,2022,27,X,0.711566,X,X,X,X,X,X,471,95,66192
States,Pennsylvania,2022,28,X,0.781835,X,X,X,X,X,X,512,95,65487
States,Pennsylvania,2022,29,X,0.75228,X,X,X,X,X,X,495,95,65800
States,Pennsylvania,2022,30,X,0.778127,X,X,X,X,X,X,512,95,65799
States,Pennsylvania,2022,31,X,0.813991,X,X,X,X,X,X,532,95,65357
States,Pennsylvania,2022,32,X,0.776915,X,X,X,X,X,X,511,95,65773
States,Pennsylvania,2022,33,X,0.715528,X,X,X,X,X,X,465,95,64987
States,Pennsylvania,2022,34,X,0.711345,X,X,X,X,X,X,470,95,66072
States,Pennsylvania,2022,35,X,1.05218,X,X,X,X,X,X,705,96,67004
States,Pennsylvania,2022,36,X,1.03533,X,X,X,X,X,X,701,96,67708
States,Pennsylvania,2022,37,X,1.13296,X,X,X,X,X,X,784,97,69199
States,Pennsylvania,2022,38,X,1.16593,X,X,X,X,X,X,808,97,69301
States,Pennsylvania,2022,39,X,1.28349,X,X,X,X,X,X,856,97,66693
States,Pennsylvania,2022,40,X,1.42289,X,X,X,X,X,X,962,106,67609
States,Pennsylvania,2022,41,X,1.6952,X,X,X,X,X,X,1203,107,70965
States,Pennsylvania,2022,42,X,1.67095,X,X,X,X,X,X,1152,104,68943
States,Pennsylvania,2022,43,X,2.28088,X,X,X,X,X,X,1634,106,71639
States,Pennsylvania,2022,44,X,2.75726,X,X,X,X,X,X,1945,101,70541
States,Pennsylvania,2022,45,X,2.92345,X,X,X,X,X,X,2159,105,73851
States,Pennsylvania,2022,46,X,3.10979,X,X,X,X,X,X,2160,104,69458
States,Pennsylvania,2022,47,X,4.24753,X,X,X,X,X,X,2841,103,66886
States,Pennsylvania,2022,48,X,4.52839,X,X,X,X,X,X,3354,104,74066
States,Pennsylvania,2022,49,X,4.24185,X,X,X,X,X,X,3028,104,71384
States,Pennsylvania,2022,50,X,4.01022,X,X,X,X,X,X,2684,103,66929
States,Pennsylvania,2022,51,X,3.37568,X,X,X,X,X,X,2110,103,62506
States,Pennsylvania,2022,52,X,3.32892,X,X,X,X,X,X,2187,102,65697
States,Pennsylvania,2023,1,X,2.35014,X,X,X,X,X,X,1636,103,69613
States,Pennsylvania,2023,2,X,1.6009,X,X,X,X,X,X,1035,103,64651
States,Pennsylvania,2023,3,X,1.46732,X,X,X,X,X,X,925,102,63040
States,Pennsylvania,2023,4,X,1.43737,X,X,X,X,X,X,906,105,63032
States,Pennsylvania,2023,5,X,1.44959,X,X,X,X,X,X,923,105,63673
States,Pennsylvania,2023,6,X,1.51504,X,X,X,X,X,X,1018,104,67193
States,Pennsylvania,2023,7,X,1.47775,X,X,X,X,X,X,1002,103,67806
States,Pennsylvania,2023,8,X,1.45748,X,X,X,X,X,X,971,103,66622
States,Pennsylvania,2023,9,X,1.39012,X,X,X,X,X,X,909,103,65390
States,Pennsylvania,2023,10,X,1.45102,X,X,X,X,X,X,941,102,64851
States,Pennsylvania,2023,11,X,1.39908,X,X,X,X,X,X,917,101,65543
States,Pennsylvania,2023,12,X,1.36333,X,X,X,X,X,X,923,100,67702
States,Pennsylvania,2023,13,X,1.30845,X,X,X,X,X,X,866,101,66185
States,Pennsylvania,2023,14,X,1.18346,X,X,X,X,X,X,560,98,47319
States,Pennsylvania,2023,15,X,1.05325,X,X,X,X,X,X,714,100,67790
States,Pennsylvania,2023,16,X,0.961496,X,X,X,X,X,X,655,99,68123
States,Pennsylvania,2023,17,X,0.930345,X,X,X,X,X,X,614,99,65997
States,Pennsylvania,2023,18,X,0.943082,X,X,X,X,X,X,623,98,66060
States,Pennsylvania,2023,19,X,0.975856,X,X,X,X,X,X,637,98,65276
States,Pennsylvania,2023,20,X,0.881057,X,X,X,X,X,X,580,96,65830
States,Pennsylvania,2023,21,X,0.879263,X,X,X,X,X,X,570,94,64827
States,Pennsylvania,2023,22,X,0.797258,X,X,X,X,X,X,528,94,66227
States,Pennsylvania,2023,23,X,0.737686,X,X,X,X,X,X,483,95,65475
States,Pennsylvania,2023,24,X,0.670854,X,X,X,X,X,X,440,94,65588
States,Pennsylvania,2023,25,X,0.618024,X,X,X,X,X,X,361,94,58412
States,Pennsylvania,2023,26,X,0.573928,X,X,X,X,X,X,374,94,65165
States,Pennsylvania,2023,27,X,0.545216,X,X,X,X,X,X,358,93,65662
States,Pennsylvania,2023,28,X,0.512828,X,X,X,X,X,X,343,93,66884
States,Pennsylvania,2023,29,X,0.501728,X,X,X,X,X,X,334,94,66570
States,Pennsylvania,2023,30,X,0.523656,X,X,X,X,X,X,344,92,65692
States,Pennsylvania,2023,31,X,0.553061,X,X,X,X,X,X,356,94,64369
States,Pennsylvania,2023,32,X,0.48776,X,X,X,X,X,X,316,92,64786
States,Pennsylvania,2023,33,X,0.586121,X,X,X,X,X,X,380,93,64833
States,Pennsylvania,2023,34,X,0.579728,X,X,X,X,X,X,384,95,66238
States,Pennsylvania,2023,35,X,0.643006,X,X,X,X,X,X,433,97,67340
States,Pennsylvania,2023,36,X,0.832802,X,X,X,X,X,X,575,97,69044
States,Pennsylvania,2023,37,X,0.94436,X,X,X,X,X,X,656,96,69465
States,Pennsylvania,2023,38,X,1.11923,X,X,X,X,X,X,754,96,67368
States,Pennsylvania,2023,39,X,1.05788,X,X,X,X,X,X,706,96,66737
States,Pennsylvania,2023,40,X,1.07899,X,X,X,X,X,X,761,101,70529
States,Pennsylvania,2023,41,X,1.02154,X,X,X,X,X,X,690,101,67545
States,Pennsylvania,2023,42,X,1.22157,X,X,X,X,X,X,827,99,67700
States,Pennsylvania,2023,43,X,1.22055,X,X,X,X,X,X,833,100,68248
States,Pennsylvania,2023,44,X,1.40493,X,X,X,X,X,X,933,101,66409
States,Pennsylvania,2023,45,X,1.46564,X,X,X,X,X,X,1020,102,69594
States,Pennsylvania,2023,46,X,1.64007,X,X,X,X,X,X,1144,100,69753
States,Pennsylvania,2023,47,X,1.80548,X,X,X,X,X,X,1142,100,63252
States,Pennsylvania,2023,48,X,2.12405,X,X,X,X,X,X,1488,101,70055
States,Pennsylvania,2023,49,X,2.19868,X,X,X,X,X,X,1563,101,71088
States,Pennsylvania,2023,50,X,2.91191,X,X,X,X,X,X,2072,100,71156
States,Pennsylvania,2023,51,X,3.32328,X,X,X,X,X,X,2315,100,69660
States,Pennsylvania,2023,52,X,4.15023,X,X,X,X,X,X,2998,100,72237
States,Pennsylvania,2024,1,X,3.36715,X,X,X,X,X,X,2323,101,68990
States,Pennsylvania,2024,2,X,2.71956,X,X,X,X,X,X,1810,100,66555
States,Pennsylvania,2024,3,X,2.24542,X,X,X,X,X,X,1370,102,61013
States,Pennsylvania,2024,4,X,2.10932,X,X,X,X,X,X,1427,102,67652
States,Pennsylvania,2024,5,X,2.15062,X,X,X,X,X,X,1461,101,67934
States,Pennsylvania,2024,6,X,2.28102,X,X,X,X,X,X,1582,99,69355
States,Pennsylvania,2024,7,X,2.34563,X,X,X,X,X,X,1570,101,66933
States,Pennsylvania,2024,8,X,2.60542,X,X,X,X,X,X,1840,99,70622
States,Pennsylvania,2024,9,X,2.56991,X,X,X,X,X,X,1792,100,69730
States,Pennsylvania,2024,10,X,2.21936,X,X,X,X,X,X,1501,99,67632
States,Pennsylvania,2024,11,X,1.85212,X,X,X,X,X,X,1278,100,69002
States,Pennsylvania,2024,12,X,1.79534,X,X,X,X,X,X,1236,101,68845
States,Pennsylvania,2024,13,X,1.71915,X,X,X,X,X,X,1146,100,66661
States,Pennsylvania,2024,14,X,1.65886,X,X,X,X,X,X,1115,100,67215
States,Pennsylvania,2024,15,X,1.35952,X,X,X,X,X,X,956,99,70319
States,Pennsylvania,2024,16,X,1.26955,X,X,X,X,X,X,901,101,70970
States,Pennsylvania,2024,17,X,1.17209,X,X,X,X,X,X,791,99,67486
States,Pennsylvania,2024,18,X,1.09686,X,X,X,X,X,X,756,99,68924
States,Pennsylvania,2024,19,X,1.0357,X,X,X,X,X,X,718,99,69325
States,Pennsylvania,2024,20,X,1.00168,X,X,X,X,X,X,674,96,67287
States,Pennsylvania,2024,21,X,0.893296,X,X,X,X,X,X,618,95,69182
States,Pennsylvania,2024,22,X,0.924527,X,X,X,X,X,X,624,95,67494
States,Pennsylvania,2024,23,X,0.876226,X,X,X,X,X,X,596,95,68019
States,Pennsylvania,2024,24,X,0.802585,X,X,X,X,X,X,534,95,66535
States,Pennsylvania,2024,25,X,0.584935,X,X,X,X,X,X,392,94,67016
States,Pennsylvania,2024,26,X,0.645646,X,X,X,X,X,X,438,93,67839
States,Pennsylvania,2024,27,X,0.618544,X,X,X,X,X,X,406,94,65638
States,Pennsylvania,2024,28,X,0.615398,X,X,X,X,X,X,427,94,69386
States,Pennsylvania,2024,29,X,0.639456,X,X,X,X,X,X,431,94,67401
States,Pennsylvania,2024,30,X,0.699186,X,X,X,X,X,X,467,94,66792
States,Pennsylvania,2024,31,X,0.714968,X,X,X,X,X,X,479,94,66996
States,Pennsylvania,2024,32,X,0.742944,X,X,X,X,X,X,492,94,66223
States,Pennsylvania,2024,33,X,0.71481,X,X,X,X,X,X,477,95,66731
States,Pennsylvania,2024,34,X,0.841397,X,X,X,X,X,X,560,94,66556
States,Pennsylvania,2024,35,X,0.850385,X,X,X,X,X,X,586,95,68910
States,Pennsylvania,2024,36,X,0.987588,X,X,X,X,X,X,662,92,67032
States,Pennsylvania,2024,37,X,1.20521,X,X,X,X,X,X,741,86,61483
States,Pennsylvania,2024,38,X,1.3409,X,X,X,X,X,X,841,86,62719
States,Pennsylvania,2024,39,X,1.17817,X,X,X,X,X,X,716,86,60772
States,Pennsylvania,2024,40,X,1.18892,X,X,X,X,X,X,735,91,61821
States,Pennsylvania,2024,41,X,1.36197,X,X,X,X,X,X,844,92,61969
States,Pennsylvania,2024,42,X,1.46381,X,X,X,X,X,X,912,94,62303
States,Pennsylvania,2024,43,X,1.55524,X,X,X,X,X,X,1021,95,65649
States,Pennsylvania,2024,44,X,1.6102,X,X,X,X,X,X,1020,93,63346
States,Pennsylvania,2024,45,X,1.55161,X,X,X,X,X,X,1002,95,64578
States,Pennsylvania,2024,46,X,1.66226,X,X,X,X,X,X,1049,95,63107
States,Pennsylvania,2024,47,X,1.60642,X,X,X,X,X,X,1015,95,63184
States,Pennsylvania,2024,48,X,1.7105,X,X,X,X,X,X,958,92,56007
States,Pennsylvania,2024,49,X,1.91508,X,X,X,X,X,X,1161,94,60624
States,Pennsylvania,2024,50,X,1.91521,X,X,X,X,X,X,1212,94,63283
States,Pennsylvania,2024,51,X,2.27903,X,X,X,X,X,X,1405,93,61649
States,Pennsylvania,2024,52,X,3.56432,X,X,X,X,X,X,2132,90,59815
States,Pennsylvania,2025,1,X,3.75443,X,X,X,X,X,X,2396,93,63818
States,Pennsylvania,2025,2,X,3.1495,X,X,X,X,X,X,1892,94,60073
States,Pennsylvania,2025,3,X,3.27023,X,X,X,X,X,X,2080,95,63604
States,Pennsylvania,2025,4,X,3.92979,X,X,X,X,X,X,2391,95,60843
States,Pennsylvania,2025,5,X,4.83086,X,X,X,X,X,X,3216,94,66572
States,Pennsylvania,2025,6,X,5.22399,X,X,X,X,X,X,3475,94,66520
States,Pennsylvania,2025,7,X,4.89282,X,X,X,X,X,X,3159,93,64564
States,Pennsylvania,2025,8,X,4.06889,X,X,X,X,X,X,2575,95,63285
States,Pennsylvania,2025,9,X,3.4344,X,X,X,X,X,X,2211,95,64378
States,Pennsylvania,2025,10,X,2.8295,X,X,X,X,X,X,1743,93,61601
States,Pennsylvania,2025,11,X,2.28983,X,X,X,X,X,X,1415,94,61795
States,Pennsylvania,2025,12,X,1.94994,X,X,X,X,X,X,1216,93,62361
States,Pennsylvania,2025,13,X,1.78914,X,X,X,X,X,X,1100,93,61482
States,Pennsylvania,2025,14,X,1.67061,X,X,X,X,X,X,1023,93,61235
States,Pennsylvania,2025,15,X,1.42968,X,X,X,X,X,X,868,92,60713
States,Pennsylvania,2025,16,X,1.24804,X,X,X,X,X,X,756,92,60575
States,Pennsylvania,2025,17,X,1.16543,X,X,X,X,X,X,637,92,54658
States,Pennsylvania,2025,18,X,1.06079,X,X,X,X,X,X,654,89,61652
States,Pennsylvania,2025,19,X,0.982292,X,X,X,X,X,X,598,89,60878
States,Pennsylvania,2025,20,X,1.0005,X,X,X,X,X,X,603,89,60270
States,Pennsylvania,2025,21,X,0.871045,X,X,X,X,X,X,517,89,59354
States,Pennsylvania,2025,22,X,0.959004,X,X,X,X,X,X,564,89,58811
States,Pennsylvania,2025,23,X,0.832656,X,X,X,X,X,X,502,87,60289
States,Pennsylvania,2025,24,X,0.779976,X,X,X,X,X,X,464,86,59489
States,Pennsylvania,2025,25,X,0.633231,X,X,X,X,X,X,376,86,59378
States,Pennsylvania,2025,26,X,0.571252,X,X,X,X,X,X,351,87,61444
States,Pennsylvania,2025,27,X,0.473323,X,X,X,X,X,X,279,86,58945
States,Pennsylvania,2025,28,X,0.526436,X,X,X,X,X,X,324,83,61546
States,Pennsylvania,2025,29,X,0.500432,X,X,X,X,X,X,301,82,60148
States,Pennsylvania,2025,30,X,0.529288,X,X,X,X,X,X,314,83,59325
States,Pennsylvania,2025,31,X,0.531878,X,X,X,X,X,X,308,80,57908
States,Pennsylvania,2025,32,X,0.615559,X,X,X,X,X,X,359,82,58321
States,Pennsylvania,2025,33,X,0.653495,X,X,X,X,X,X,387,81,59220
States,Pennsylvania,2025,34,X,0.594191,X,X,X,X,X,X,358,84,60250
States,Pennsylvania,2025,35,X,0.890627,X,X,X,X,X,X,542,85,60856
States,Pennsylvania,2025,36,X,1.14521,X,X,X,X,X,X,706,85,61648
States,Pennsylvania,2025,37,X,1.2198,X,X,X,X,X,X,766,85,62797
States,Pennsylvania,2025,38,X,1.19822,X,X,X,X,X,X,744,84,62092
States,Pennsylvania,2025,39,X,1.08441,X,X,X,X,X,X,667,85,61508
States,Pennsylvania,2025,40,X,1.03884,X,X,X,X,X,X,812,105,78164
States,Pennsylvania,2025,41,X,1.0074,X,X,X,X,X,X,783,105,77725
States,Pennsylvania,2025,42,X,1.07678,X,X,X,X,X,X,833,106,77360
States,Pennsylvania,2025,43,X,1.15099,X,X,X,X,X,X,903,109,78454
States,Pennsylvania,2025,44,X,1.25345,X,X,X,X,X,X,982,110,78344
States,Pennsylvania,2025,45,X,1.33264,X,X,X,X,X,X,1058,109,79391
States,Pennsylvania,2025,46,X,1.4869,X,X,X,X,X,X,1154,110,77611
States,Pennsylvania,2025,47,X,1.60705,X,X,X,X,X,X,1258,110,78280
States,Pennsylvania,2025,48,X,1.77521,X,X,X,X,X,X,1259,109,70921
States,Pennsylvania,2025,49,X,1.93096,X,X,X,X,X,X,1489,112,77112
States,Pennsylvania,2025,50,X,2.25391,X,X,X,X,X,X,1786,111,79240
States,Pennsylvania,2025,51,X,3.13112,X,X,X,X,X,X,2495,109,79684
States,Pennsylvania,2025,52,X,4.65253,X,X,X,X,X,X,3642,111,78280
States,Pennsylvania,2025,53,X,5.05906,X,X,X,X,X,X,4146,111,81952
States,Pennsylvania,2026,1,X,3.9955,X,X,X,X,X,X,3335,109,83469
States,Pennsylvania,2026,2,X,3.40824,X,X,X,X,X,X,2745,112,80540
States,Pennsylvania,2026,3,X,2.84737,X,X,X,X,X,X,2231,112,78353
States,Pennsylvania,2026,4,X,2.29158,X,X,X,X,X,X,1580,112,68948
States,Pennsylvania,2026,5,X,1.98385,X,X,X,X,X,X,1531,112,77173
States,Pennsylvania,2026,6,X,2.29103,X,X,X,X,X,X,1824,112,79615
States,Pennsylvania,2026,7,X,2.63013,X,X,X,X,X,X,2191,112,83304
States,Pennsylvania,2026,8,X,2.45535,X,X,X,X,X,X,1963,112,79948
States,Pennsylvania,2026,9,X,2.35419,X,X,X,X,X,X,1931,111,82024
States,Pennsylvania,2026,10,X,2.0976,X,X,X,X,X,X,1691,105,80616